Workbook
Name A: ABH!$C$149:$I$152
Name AT: #REF!
Name K: ABH!$I$68:$O$80
Name KT: ABH!$C$93:$O$99
Name PE: ABH!$C$23:$I$27
Name Q: ABH!$I$51:$O$63
Name QT: #REF!
Name S: #REF!
Name U: #REF!
Name V: ABH!$C$118:$I$121
Name V_Q: #REF!
Name W_K: ABH!$C$68:$G$80
Name W_Q: ABH!$C$51:$G$63
Name W_S: #REF!
Name W_V: ABH!$C$85:$G$88
Name X: ABH!$C$42:$I$46
Name X_: #REF!
Name Y: #REF!

Sheet Design2
A1: In | B1: Ops | C1: Out | E1: 👇 Check ABH sheet.
A2: X=Friends | B2: Embed | C2: X, dim d=5 | D2: ✓
A3: X | B3: PE+ | C3: X | D3: ✓
A4: X | B4: L2-Normalize | C4: X | D4: ✓
A5: X | B5: W_Q* | C5: Q, dim dq=13 | D5: ✓
A6: X | B6: W_K* | C6: K, dim dk=13 | D6: ✓
A7: X | B7: W_V* | C7: V, dim dv=4 | D7: ✓
A8: Q | B8: K^T* | C8: A | D8: ✓
A9: A | B9: L1-Normalize | C9: A | D9: ✓
A10: A | B10: V* | C10: A | D10: ✓
A11: A | B11: Layer-Norm | C11: A | D11: ✓
A12: A | B12: Softmax | C12: A | D12: ✓

Sheet ABH
C2: X
C3: F | D3: r | E3: i | F3: e | G3: n | H3: d | I3: s
C5: Token ID
C6: {=CODE(LOWER(ABH!C3:I3))- CODE("a")} -> 5 | D6: 17 | E6: 8 | F6: 4 | G6: 13 | H6: 3 | I6: 18 | L6: X = torch.tensor([5, 17, 8, 4, 13, 3, 18])
C8: # 1 | D8: Embed
C10: X = Embed (X)
C11: {=_xlfn.RANDARRAY(5, 7, -1, 1)} -> 0.30929212 | D11: 0.083692576 | E11: 0.89701443 | F11: 0.55859979 | G11: 0.66817858 | H11: 0.2410285 | I11: -0.28737667 | L11: X = nn.Embedding((26, 5)(X)
C12: -0.21355235 | D12: 0.36019142 | E12: -0.34897664 | F12: 0.26477491 | G12: -0.79442526 | H12: -0.92910452 | I12: -0.72195112
C13: -0.42407404 | D13: -0.19683381 | E13: -0.30185132 | F13: -0.32586139 | G13: 0.43338547 | H13: 0.8529103 | I13: -0.97107355
C14: 0.88246238 | D14: -0.77177244 | E14: -0.80427434 | F14: -0.74357995 | G14: 0.18846168 | H14: -0.52866789 | I14: -0.78294829
C15: -0.37642119 | D15: -0.8794761 | E15: -0.78129449 | F15: -0.6857303 | G15: -0.36438409 | H15: 0.095108895 | I15: -0.37257389
C17: # 2 | D17: PE+
C19: Positions
C20: {=_xlfn.SEQUENCE(1, 7, 0)} -> 0 | D20: 1 | E20: 2 | F20: 3 | G20: 4 | H20: 5 | I20: 6
C22: PE
C23: {=_xlfn.RANDARRAY(5, 7, -1, 1)} -> 0.068406679 | D23: -0.3273223 | E23: 0.61434665 | F23: 0.4710603 | G23: 0.30786577 | H23: 0.65266326 | I23: 0.32923579
C24: -0.57473169 | D24: 0.62094164 | E24: -0.62422173 | F24: 0.66214836 | G24: -0.85836256 | H24: 0.20490013 | I24: -0.5045059
C25: 0.40716555 | D25: 0.17553219 | E25: -0.94084146 | F25: -0.76271399 | G25: -0.30242156 | H25: -0.44124434 | I25: -0.061469567
C26: -0.7573705 | D26: -0.23303608 | E26: 0.45647242 | F26: -0.16650351 | G26: 0.22137731 | H26: 0.10923503 | I26: -0.19595285
C27: 0.0050551625 | D27: 0.97409254 | E27: 0.47544766 | F27: -0.97476026 | G27: -0.40541404 | H27: 0.48416553 | I27: 0.40770084
C29: X = PE+ (X)
C30: {=ABH!C11:I15+ABH!C23:I27} -> 0.3776988 | D30: -0.24362973 | E30: 1.5113611 | F30: 1.0296601 | G30: 0.97604434 | H30: 0.89369176 | I30: 0.041859123
C31: -0.78828404 | D31: 0.98113307 | E31: -0.97319837 | F31: 0.92692327 | G31: -1.6527878 | H31: -0.72420439 | I31: -1.226457
C32: -0.016908497 | D32: -0.021301623 | E32: -1.2426928 | F32: -1.0885754 | G32: 0.13096391 | H32: 0.41166596 | I32: -1.0325431
C33: 0.12509188 | D33: -1.0048085 | E33: -0.34780192 | F33: -0.91008347 | G33: 0.40983899 | H33: -0.41943286 | I33: -0.97890114
C34: -0.37136602 | D34: 0.094616443 | E34: -0.30584682 | F34: -1.6604906 | G34: -0.76979813 | H34: 0.57927442 | I34: 0.035126943
C36: # 3 | D36: L2-Normalize
C38: L2
C39: {=_xlfn.BYCOL(ABH!C30:I34, _xlfn.LAMBDA(_xlpm.col, SQRT(SUM(_xlpm.col^2))))} -> 0.95806822 | D39: 1.428644 | E39: 2.2338579 | F39: 2.5864771 | G39: 2.1123633 | H39: 1.4156654 | I39: 1.8792487
C41: X = L2-Normalize (X)
C42: {=ABH!C30:I34/IF(ABH!C39:I39=0,1, ABH!C39:I39)} -> 0.39422954 | D42: -0.17053214 | E42: 0.67656993 | F42: 0.39809364 | G42: 0.46206272 | H42: 0.63128741 | I42: 0.022274392
C43: -0.82278488 | D43: 0.68675825 | E43: -0.43565813 | F43: 0.35837289 | G43: -0.78243539 | H43: -0.51156465 | I43: -0.65263157
C44: -0.017648531 | D44: -0.014910379 | E44: -0.55629894 | F44: -0.42087184 | G44: 0.061998761 | H44: 0.29079326 | I44: -0.54944464
C45: 0.13056678 | D45: -0.70333023 | E45: -0.15569563 | F45: -0.35186218 | G45: 0.19401917 | H45: -0.29627965 | I45: -0.52090026
C46: -0.38761961 | D46: 0.066228145 | E46: -0.13691418 | F46: -0.64198928 | G46: -0.36442506 | H46: 0.40918879 | I46: 0.018692014
C48: # 4 | D48: W_Q*
C50: W_Q | I50: Q = W_Q* (X)
C51: {=_xlfn.RANDARRAY(13, 5, -1, 1)} -> 0.19636244 | D51: -0.23912915 | E51: -0.62187877 | F51: 0.26285488 | G51: 0.40725047 | I51: {=MMULT(ABH!C51:G63,ABH!C42:I46)} -> 0.16160082 | J51: -0.34633991 | K51: 0.48629825 | L51: -0.099734632 | M51: 0.14186577 | N51: 0.15421678 | O51: 0.37281619
C52: 0.76105861 | D52: -0.83667885 | E52: -0.13675185 | F52: 0.038629053 | G52: -0.21231578 | I52: 1.0781934 | J52: -0.7435723 | K52: 0.97854488 | L52: 0.18339693 | M52: 1.0826935 | N52: 0.77037329 | O52: 0.61404222
C53: -0.41739284 | D53: -0.90003922 | E53: 0.80473555 | F53: 0.16841464 | G53: 0.37571432 | I53: 0.43814279 | J53: -0.65249762 | K53: -0.4156216 | L53: -1.1278649 | M53: 0.45700943 | N53: 0.53478533 | O53: 0.055234829
C54: -0.90326805 | D54: -0.9764891 | E54: -0.61258495 | F54: -0.79176672 | G54: -0.29217961 | I54: 0.46803285 | J54: 0.030081119 | K54: 0.31834993 | L54: 0.014456209 | M54: 0.26155328 | N54: -0.13379227 | O54: 1.3607195
C55: -0.46358597 | D55: -0.31759923 | E55: -0.99290474 | F55: -0.86514904 | G55: -0.34950029 | I55: 0.11859331 | J55: 0.46108572 | K55: 0.55961968 | L55: 0.64830473 | M55: -0.067752616 | N55: -0.30559899 | O55: 1.1866189
C56: -0.1825651 | D56: 0.24034983 | E56: -0.35407362 | F56: 0.86005004 | G56: -0.48879543 | I56: 0.038280778 | J56: -0.43579639 | K56: -0.098240643 | L56: 0.17365882 | M56: 0.050628641 | N56: -0.79599268 | O56: -0.42351942
C57: -0.83695798 | D57: 0.54938765 | E57: -0.24188478 | F57: 0.65495904 | G57: -0.14809346 | I57: -0.63479268 | J57: 0.053170888 | K57: -0.75274372 | L57: -0.16988042 | M57: -0.65054039 | N57: -1.134396 | O57: -0.58822467
C58: 0.00022401611 | D58: 0.16697344 | E58: 0.84759555 | F58: -0.30013105 | G58: 0.42792523 | I58: -0.35731308 | J58: 0.34142615 | K58: -0.55596822 | L58: -0.46591981 | M58: -0.2921704 | N58: 0.42522371 | O58: -0.41033685
C59: -0.20310431 | D59: 0.64321166 | E59: 0.95000524 | F59: -0.76209008 | G59: 0.54301236 | I59: -0.93604663 | J59: 1.0341655 | K59: -0.90181355 | L59: -0.33063281 | M59: -0.88396674 | N59: 0.26697993 | O59: -0.53915662
C60: -0.14247273 | D60: 0.35129594 | E60: -0.75604451 | F60: 0.155239 | G60: 0.27983571 | I60: -0.42006562 | J60: 0.18617319 | K60: 0.10866555 | L60: 0.15310104 | M60: -0.45943133 | N60: -0.42099299 | O60: 0.10733095
C61: -0.87128536 | D61: 0.69712183 | E61: -0.83912696 | F61: 0.30175412 | G61: 0.099414415 | I61: -0.90139428 | J61: 0.43419927 | K61: -0.48697987 | L61: 0.086142461 | M61: -0.97774912 | N61: -1.1993912 | O61: -0.1686428
C62: 0.28908102 | D62: -0.18258608 | E62: 0.59694008 | F62: 0.22710638 | G62: -0.43526683 | I62: 0.45202874 | J62: -0.3721484 | K62: -0.032713769 | L62: -0.0020613619 | M62: 0.51613005 | N62: 0.20409064 | O62: -0.32882077
C63: 0.12942726 | D63: -0.44827996 | E63: 0.45197527 | F63: -0.90890478 | G63: 0.13813206 | I63: 0.23966985 | J63: 0.31173784 | K63: 0.1540303 | L63: -0.068220971 | M63: 0.21189178 | N63: 0.76827342 | O63: 0.52313988
C65: # 5 | D65: W_K*
C67: W_K | I67: K = W_K* (X)
C68: {=_xlfn.RANDARRAY(13, 5, -1, 1)} -> -0.5557771 | D68: -0.71368729 | E68: -0.47606326 | F68: -0.14357133 | G68: 0.12764381 | I68: {=MMULT(ABH!C68:G80,ABH!C42:I46)} -> 0.30828629 | J68: -0.27882282 | K68: 0.20461227 | L68: -0.30808452 | M68: 0.19772279 | N68: -0.029426203 | O68: 0.79213793
C69: -0.19900915 | D69: -0.27801114 | E69: -0.60062718 | F69: -0.71144706 | G69: -0.039924149 | I69: 0.083472299 | J69: 0.34970471 | K69: 0.43683786 | L69: 0.34989332 | M69: -0.035152102 | N69: 0.036381144 | O69: 0.87686413
C70: -0.51908518 | D70: 0.13751047 | E70: 0.69367948 | F70: -0.91693947 | G70: 0.55772112 | I70: -0.66592815 | J70: 0.85446221 | K70: -0.7305946 | L70: -0.48472931 | M70: -0.68558709 | N70: 0.30356361 | O70: 0.0056144886
C71: -0.2024076 | D71: 0.49727931 | E71: 0.48203304 | F71: -0.56481317 | G71: 0.32463111 | I71: -0.69703535 | J71: 0.78759027 | K71: -0.5782488 | L71: -0.11491319 | M71: -0.68061678 | N71: 0.058182131 | O71: -0.29361981
C72: 0.5384042 | D72: 0.69664174 | E72: -0.50036338 | F72: 0.93697314 | G72: -0.87627841 | I72: 0.10989949 | J72: -0.32296598 | K72: 0.31321438 | L72: 0.90745759 | M72: 0.17380601 | N72: -0.79816117 | O72: -0.67218476
C73: 0.095731607 | D73: 0.58451976 | E73: -0.46905944 | F73: 0.26847732 | G73: 0.37085616 | I73: -0.54361248 | J73: 0.22782521 | K73: -0.021520607 | L73: 0.11244739 | M73: -0.52525557 | N73: -0.30277899 | O73: -0.25453935
C74: -0.73727312 | D74: -0.3251663 | E74: -0.23301449 | F74: 0.79354676 | G74: -0.90902416 | I74: 0.43696586 | J74: -0.71243594 | K74: -0.22662324 | L74: -0.0076006205 | M74: 0.38454305 | N74: -0.97392095 | O74: -0.10653017
C75: -0.20137238 | D75: -0.62606762 | E75: 0.37827721 | F75: 0.12836755 | G75: 0.73538759 | I75: 0.16076588 | J75: -0.44283832 | K75: -0.19459751 | L75: -0.98101558 | M75: 0.17717561 | N75: 0.56603034 | O75: 0.14314285
C76: -0.42504931 | D76: 0.12878669 | E76: 0.87676969 | F76: -0.81154008 | G76: -0.70554867 | I76: -0.12148011 | J76: 0.67191041 | K76: -0.60847574 | L76: 0.2464415 | M76: -0.14314279 | N76: -0.12751208 | O76: -0.16571107
C77: 0.32595667 | D77: -0.16859633 | E77: -0.7661031 | F77: 0.020072162 | G77: -0.69496349 | I77: 0.55274309 | J77: -0.22009163 | K77: 0.81219039 | L77: 0.83086862 | M77: 0.49218722 | N77: -0.22107559 | O77: 0.51477715
C78: -0.95956976 | D78: -0.97507411 | E78: -0.7388564 | F78: -0.30320182 | G78: -0.014316714 | I78: 0.40298657 | J78: -0.28268324 | K78: 0.23577531 | L78: -0.30459847 | M78: 0.2201333 | N78: -0.23783103 | O78: 1.1786213
C79: 0.56653026 | D79: -0.9853863 | E79: 0.95241201 | F79: 0.20040805 | G79: -0.6232919 | I79: 1.285062 | J79: -0.96976712 | K79: 0.33689794 | L79: -0.19881633 | M79: 1.3578482 | N79: 0.82426632 | O79: 0.016372462
C80: -0.48126482 | D80: -0.89482714 | E80: -0.76698891 | F80: -0.67904785 | G80: 0.14351764 | I80: 0.41576632 | J80: -0.033922924 | K80: 0.57697972 | L80: -0.042671748 | M80: 0.2461678 | N80: 0.19082418 | O80: 1.3510893
C82: # 6 | D82: W_V*
C84: W_V | I84: V = W_V* (X)
C85: {=_xlfn.RANDARRAY(4, 5, -1, 1)} -> 0.23748915 | D85: -0.86508817 | E85: -0.079444597 | F85: -0.36467245 | G85: -0.84314188 | I85: {=MMULT(ABH!C85:G88,ABH!C42:I46)} -> 1.086013 | J85: -0.432776 | K85: 0.75397164 | L85: 0.48755725 | M85: 1.0181936 | N85: 0.33241131 | O85: 0.78772214
C86: 0.091822067 | D86: -0.72594775 | E86: 0.72741337 | F86: 0.43774975 | G86: 0.93487701 | I86: 0.31543894 | J86: -0.77102269 | K86: -0.22242384 | L86: -1.2839626 | M86: 0.39977272 | N86: 0.89370708 | O86: -0.1344009
C87: -0.9344043 | D87: -0.47386302 | E87: -0.56442953 | F87: 0.58899036 | G87: -0.39863319 | I87: 0.26289952 | J87: -0.59832297 | K87: -0.14888071 | L87: -0.25557277 | M87: 0.16356722 | N87: -0.84922049 | O87: 0.28431097
C88: 0.9354532 | D88: 0.83716055 | E88: 0.37156267 | F88: -0.34932247 | G88: 0.92647784 | I88: -0.73130818 | J88: 0.7169099 | K88: -0.010976194 | L88: 0.044157876 | M88: -0.60515657 | N88: 0.75292749 | O88: -0.53039397
C90: # 7 | D90: K^T*
C92: K^T | Q92: A = K^T* (Q)
C93: {=TRANSPOSE(ABH!I68:O80)} -> 0.30828629 | D93: 0.083472299 | E93: -0.66592815 | F93: -0.69703535 | G93: 0.10989949 | H93: -0.54361248 | I93: 0.43696586 | J93: 0.16076588 | K93: -0.12148011 | L93: 0.55274309 | M93: 0.40298657 | N93: 1.285062 | O93: 0.41576632 | Q93: {=MMULT(ABH!C93:O99,ABH!I51:O63)} -> -0.621987 | R93: 0.41403857 | S93: -0.021552241 | T93: 0.68176371 | U93: -0.50796673 | V93: -0.34600831 | W93: -0.92961405
C94: -0.27882282 | D94: 0.34970471 | E94: 0.85446221 | F94: 0.78759027 | G94: -0.32296598 | H94: 0.22782521 | I94: -0.71243594 | J94: -0.44283832 | K94: 0.67191041 | L94: -0.22009163 | M94: -0.28268324 | N94: -0.96976712 | O94: -0.033922924 | Q94: 0.92771626 | R94: -0.2531113 | S94: 0.21587928 | T94: -0.9787394 | U94: 0.83768045 | V94: 1.5023233 | W94: 1.3136467
C95: 0.20461227 | D95: 0.43683786 | E95: -0.7305946 | F95: -0.5782488 | G95: 0.31321438 | H95: -0.021520607 | I95: -0.22662324 | J95: -0.19459751 | K95: -0.60847574 | L95: 0.81219039 | M95: 0.23577531 | N95: 0.33689794 | O95: 0.57697972 | Q95: 0.46946339 | R95: -0.18225489 | S95: 1.70273 | T95: 1.5096302 | U95: 0.42916794 | V95: -0.12464613 | W95: 0.67780453
C96: -0.30808452 | D96: 0.34989332 | E96: -0.48472931 | F96: -0.11491319 | G96: 0.90745759 | H96: 0.11244739 | I96: -0.0076006205 | J96: -0.98101558 | K96: 0.2464415 | L96: 0.83086862 | M96: -0.30459847 | N96: -0.19881633 | O96: -0.042671748 | Q96: 0.12334507 | R96: 0.53139915 | S96: 1.4216729 | T96: 1.7289536 | U96: -0.094091713 | V96: -0.7891917 | W96: 1.4037795
C97: 0.19772279 | D97: -0.035152102 | E97: -0.68558709 | F97: -0.68061678 | G97: 0.17380601 | H97: -0.52525557 | I97: 0.38454305 | J97: 0.17717561 | K97: -0.14314279 | L97: 0.49218722 | M97: 0.2201333 | N97: 1.3578482 | O97: 0.2461678 | Q97: -0.530196 | R97: 0.38511115 | S97: -0.040206438 | T97: 0.73288401 | U97: -0.40348194 | V97: -0.31127019 | W97: -1.0068984
C98: -0.029426203 | D98: 0.036381144 | E98: 0.30356361 | F98: 0.058182131 | G98: -0.79816117 | H98: -0.30277899 | I98: -0.97392095 | J98: 0.56603034 | K98: -0.12751208 | L98: -0.22107559 | M98: -0.23783103 | N98: 0.82426632 | O98: 0.19082418 | Q98: 1.3493765 | R98: -0.83133757 | S98: 0.12435744 | T98: -1.0271291 | U98: 1.6087973 | V98: 2.6675855 | W98: -0.4570322
C99: 0.79213793 | D99: 0.87686413 | E99: 0.0056144886 | F99: -0.29361981 | G99: -0.67218476 | H99: -0.25453935 | I99: -0.10653017 | J99: 0.14314285 | K99: -0.16571107 | L99: 0.51477715 | M99: 1.1786213 | N99: 0.016372462 | O99: 1.3510893 | Q99: 0.073179459 | R99: -0.24334152 | S99: 0.63589145 | T99: -0.31442027 | U99: 0.099973763 | V99: 0.79646627 | W99: 0.39588635
C101: # 8 | D101: L1-Normalize
C103: L1
C104: {=_xlfn.BYCOL(ABH!Q93:W99, _xlfn.LAMBDA(_xlpm.col, SUMPRODUCT(ABS(_xlpm.col))))} -> 4.0952637 | D104: 2.8405942 | E104: 4.1622897 | F104: 6.9735204 | G104: 3.9811598 | H104: 6.5374915 | I104: 6.1846617
C106: A = L1-Normalize (A)
C107: {=ABH!Q93:W99/IF(ABH!C104:I104=0,1, ABH!C104:I104)} -> -0.1518796 | D107: 0.14575774 | E107: -0.0051779771 | F107: 0.09776464 | G107: -0.12759265 | H107: -0.052926771 | I107: -0.1503096
C108: 0.22653395 | D108: -0.089105057 | E108: 0.051865512 | F108: -0.14035083 | G108: 0.21041116 | H108: 0.22980119 | I108: 0.21240396
C109: 0.11463569 | D109: -0.064160833 | E109: 0.40908492 | F109: 0.21648037 | G109: 0.10779973 | H109: -0.019066354 | I109: 0.10959444
C110: 0.030118956 | D110: 0.18707324 | E110: 0.34156029 | F110: 0.24793125 | G110: -0.023634247 | H110: -0.12071782 | I110: 0.22697757
C111: -0.12946566 | D111: 0.13557415 | E111: -0.0096596924 | F111: 0.10509527 | G111: -0.10134784 | H111: -0.047613094 | I111: -0.16280574
C112: 0.32949686 | D112: -0.29266327 | E112: 0.029877171 | F112: -0.1472899 | G112: 0.40410267 | H112: 0.40804421 | I112: -0.073897687
C113: 0.017869291 | D113: -0.085665712 | E113: 0.15277443 | F113: -0.04508774 | G113: 0.025111718 | H113: 0.12183056 | I113: 0.064010994
C115: # 9 | D115: V*
C117: V | K117: A = V* (A)
C118: {=ABH!I85:O88} -> 1.086013 | D118: -0.432776 | E118: 0.75397164 | F118: 0.48755725 | G118: 1.0181936 | H118: 0.33241131 | I118: 0.78772214 | K118: {=MMULT(ABH!C118:I121,ABH!C107:I113)} -> -0.17008148 | L118: 0.21296617 | M118: 0.567339 | N118: 0.47354477 | O118: -0.10895565 | P118: -0.047036146 | Q118: -0.20177517
C119: 0.31543894 | D119: -0.77102269 | E119: -0.22242384 | F119: -1.2839626 | G119: 0.39977272 | H119: 0.89370708 | I119: -0.1344009 | K119: -0.046425689 | L119: -0.3070873 | M119: -0.56885696 | N119: -0.31099237 | O119: 0.12114707 | P119: 0.29462432 | Q119: -0.66672022
C120: 0.26289952 | D120: -0.59832297 | E120: -0.14888071 | F120: -0.25557277 | G120: 0.16356722 | H120: -0.84922049 | I120: 0.28431097 | K120: -0.49614555 | L120: 0.29973016 | M120: -0.16410885 | N120: 0.14353598 | O120: -0.52205682 | P120: -0.43738863 | Q120: -0.1866035
C121: -0.73130818 | D121: 0.7169099 | E121: -0.010976194 | F121: 0.044157876 | G121: -0.60515657 | H121: 0.75292749 | I121: -0.53039397 | K121: 0.59050342 | L121: -0.41847036 | M121: -0.0011276907 | N121: -0.31412644 | O121: 0.59420073 | P121: 0.46975404 | Q121: 0.27994938
C123: # 10 | D123: Layer-Norm
C125: Mean
C126: {=_xlfn.BYCOL(ABH!K118:Q121, _xlfn.LAMBDA(_xlpm.col, AVERAGE(_xlpm.col)))} -> -0.030537326 | D126: -0.053215332 | E126: -0.041688624 | F126: -0.0020095132 | G126: 0.021083832 | H126: 0.069988395 | I126: -0.19378738
...

Sheet Design3
A1: In | B1: Ops | C1: Out | E1: 👇 Check ABH sheet.
A2: X=Beautiful | B2: Embed | C2: X, dim d=4 | D2: ✓
A3: X | B3: PE+ | C3: X | D3: ✓
A4: X | B4: Layer-Norm | C4: X | D4: ✓
A5: X | B5: W_Q* | C5: Q, dim dq=3 | D5: ✓
A6: X | B6: W_K* | C6: K, dim dk=3 | D6: ✓
A7: X | B7: W_V* | C7: V, dim dv=4 | D7: ✓
A8: Q | B8: K^T* | C8: A | D8: ✓
A9: A | B9: V* | C9: A | D9: ✓
A10: A | B10: Softmax | C10: A | D10: ✓
