Workbook
Name batch: Manual!$D$2
Name dim_0: Manual!$D$3
Name dim_1: Manual!$E$3
Name dim_2: Manual!$F$3
Name dim_3: Manual!$G$3
Name Linear: #REF!
Name tinyDigitsInfo: tinyDigits!$CD$3:$CE$7
Name tinyDigitsSample1: tinyDigits!$C$4:$G$8
Name tinyDigitsSample1: #REF!
Name W: #REF!
Name Weights: Blueprint!$X$61:$AA$70
Name WX: #REF!
Name X: Blueprint!$AC$61:$AF$70
Name Y: Blueprint!$AC$88:$AF$97

Sheet tinyDigits
J1: =OFFSET(Helper!J13,0,1) -> 2
C2: 0 | J2: 1 | Q2: 2 | X2: 3 | AE2: 4 | AL2: 5 | AS2: 6 | AZ2: 7 | BG2: 8 | BN2: 9 | BU2: 10 | CE2: Metadata
B3: 0 | C3: Original | J3: {=INDEX(Helper!$E$13:$E$22, OFFSET(Helper!$J$13,$B3,J$2))} -> Vertical Flip | Q3: {=INDEX(Helper!$E$13:$E$22, OFFSET(Helper!$J$13,$B3,Q$2))} -> Shift Right | X3: {=INDEX(Helper!$E$13:$E$22, OFFSET(Helper!$J$13,$B3,X$2))} -> 90 CCW | AE3: {=INDEX(Helper!$E$13:$E$22, OFFSET(Helper!$J$13,$B3,AE$2))} -> Shift Up | AL3: {=INDEX(Helper!$E$13:$E$22, OFFSET(Helper!$J$13,$B3,AL$2))} -> Shift Down | AS3: {=INDEX(Helper!$E$13:$E$22, OFFSET(Helper!$J$13,$B3,AS$2))} -> Shift Left | AZ3: {=INDEX(Helper!$E$13:$E$22, OFFSET(Helper!$J$13,$B3,AZ$2))} -> 180 Rotation | BG3: {=INDEX(Helper!$E$13:$E$22, OFFSET(Helper!$J$13,$B3,BG$2))} -> Noise | BN3: {=INDEX(Helper!$E$13:$E$22, OFFSET(Helper!$J$13,$B3,BN$2))} -> Horizontal Flip | BU3: {=INDEX(Helper!$E$13:$E$22, OFFSET(Helper!$J$13,$B3,BU$2))} -> 90 CW | CD3: class | CE3: 10
C4: 0.19397269 | D4: 1 | E4: 1 | F4: 1 | G4: 0.23189844 | J4: {=_xlfn.IFS(J3="None", $C4:$G8*0, J3="Horizontal Flip", INDEX($C4:$G8, _xlfn.SEQUENCE(5), 6 - _xlfn.SEQUENCE(1,5)), J3="Vertical Flip", INDEX($C4:$G8, 6 - _xlfn.SEQUENCE(5), _xlfn.SEQUENCE(1,5)), J3="180 Rotation", INDEX($C4:$G8, 6 - _xlfn.SEQUENCE(5), 6 - _xlfn.SEQUENCE(1,5)), J3="90 CW", INDEX($C4:$G8, 6 - _xlfn.SEQUENCE(1,5), _xlfn.SEQUENCE(5)), J3="90 CCW", INDEX($C4:$G8, _xlfn.SEQUENCE(1,5), 6 - _xlfn.SEQUENCE(5)), J3="Shift Up", IF(_xlfn.SEQUENCE(5)+1<=5, INDEX($C4:$G8, _xlfn.SEQUENCE(5)+1, _xlfn.SEQUENCE(1,5)), 0), J3="Shift Down", IF(_xlfn.SEQUENCE(5)-1>=1, INDEX($C4:$G8, _xlfn.SEQUENCE(5)-1, _xlfn.SEQUENCE(1,5)), 0), J3="Shift Left", IF(_xlfn.SEQUENCE(1,5)+1<=5, INDEX($C4:$G8, _xlfn.SEQUENCE(5), _xlfn.SEQUENCE(1,5)+1),0), J3= "Shift Right", IF(_xlfn.SEQUENCE(1,5)-1>=1, INDEX($C4:$G8, _xlfn.SEQUENCE(5), _xlfn.SEQUENCE(1,5)-1), 0), J3="Noise", _xlfn.MAP($C4:$G8 + (_xlfn.RANDARRAY(ROWS($C4:$G8), COLUMNS($C4:$G8)) - 0.5) * 0.4, _xlfn.LAMBDA(_xlpm.x, MAX(0, MIN(1, _xlpm.x)))))} -> 0.63892938 | K4: 0.38883353 | L4: 0.6159387 | M4: 0.64781383 | N4: 0.22260189 | Q4: {=_xlfn.IFS(Q3="None", $C4:$G8*0, Q3="Horizontal Flip", INDEX($C4:$G8, _xlfn.SEQUENCE(5), 6 - _xlfn.SEQUENCE(1,5)), Q3="Vertical Flip", INDEX($C4:$G8, 6 - _xlfn.SEQUENCE(5), _xlfn.SEQUENCE(1,5)), Q3="180 Rotation", INDEX($C4:$G8, 6 - _xlfn.SEQUENCE(5), 6 - _xlfn.SEQUENCE(1,5)), Q3="90 CW", INDEX($C4:$G8, 6 - _xlfn.SEQUENCE(1,5), _xlfn.SEQUENCE(5)), Q3="90 CCW", INDEX($C4:$G8, _xlfn.SEQUENCE(1,5), 6 - _xlfn.SEQUENCE(5)), Q3="Shift Up", IF(_xlfn.SEQUENCE(5)+1<=5, INDEX($C4:$G8, _xlfn.SEQUENCE(5)+1, _xlfn.SEQUENCE(1,5)), 0), Q3="Shift Down", IF(_xlfn.SEQUENCE(5)-1>=1, INDEX($C4:$G8, _xlfn.SEQUENCE(5)-1, _xlfn.SEQUENCE(1,5)), 0), Q3="Shift Left", IF(_xlfn.SEQUENCE(1,5)+1<=5, INDEX($C4:$G8, _xlfn.SEQUENCE(5), _xlfn.SEQUENCE(1,5)+1),0), Q3= "Shift Right", IF(_xlfn.SEQUENCE(1,5)-1>=1, INDEX($C4:$G8, _xlfn.SEQUENCE(5), _xlfn.SEQUENCE(1,5)-1), 0), Q3="Noise", _xlfn.MAP($C4:$G8 + (_xlfn.RANDARRAY(ROWS($C4:$G8), COLUMNS($C4:$G8)) - 0.5) * 0.4, _xlfn.LAMBDA(_xlpm.x, MAX(0, MIN(1, _xlpm.x)))))} -> 0 | R4: 0.19397269 | S4: 1 | T4: 1 | U4: 1 | X4: {=_xlfn.IFS(X3="None", $C4:$G8*0, X3="Horizontal Flip", INDEX($C4:$G8, _xlfn.SEQUENCE(5), 6 - _xlfn.SEQUENCE(1,5)), X3="Vertical Flip", INDEX($C4:$G8, 6 - _xlfn.SEQUENCE(5), _xlfn.SEQUENCE(1,5)), X3="180 Rotation", INDEX($C4:$G8, 6 - _xlfn.SEQUENCE(5), 6 - _xlfn.SEQUENCE(1,5)), X3="90 CW", INDEX($C4:$G8, 6 - _xlfn.SEQUENCE(1,5), _xlfn.SEQUENCE(5)), X3="90 CCW", INDEX($C4:$G8, _xlfn.SEQUENCE(1,5), 6 - _xlfn.SEQUENCE(5)), X3="Shift Up", IF(_xlfn.SEQUENCE(5)+1<=5, INDEX($C4:$G8, _xlfn.SEQUENCE(5)+1, _xlfn.SEQUENCE(1,5)), 0), X3="Shift Down", IF(_xlfn.SEQUENCE(5)-1>=1, INDEX($C4:$G8, _xlfn.SEQUENCE(5)-1, _xlfn.SEQUENCE(1,5)), 0), X3="Shift Left", IF(_xlfn.SEQUENCE(1,5)+1<=5, INDEX($C4:$G8, _xlfn.SEQUENCE(5), _xlfn.SEQUENCE(1,5)+1),0), X3= "Shift Right", IF(_xlfn.SEQUENCE(1,5)-1>=1, INDEX($C4:$G8, _xlfn.SEQUENCE(5), _xlfn.SEQUENCE(1,5)-1), 0), X3="Noise", _xlfn.MAP($C4:$G8 + (_xlfn.RANDARRAY(ROWS($C4:$G8), COLUMNS($C4:$G8)) - 0.5) * 0.4, _xlfn.LAMBDA(_xlpm.x, MAX(0, MIN(1, _xlpm.x)))))} -> 0.23189844 | Y4: 0.20412302 | Z4: 0.35168989 | AA4: 0.53040139 | AB4: 0.22260189 | AE4: {=_xlfn.IFS(AE3="None", $C4:$G8*0, AE3="Horizontal Flip", INDEX($C4:$G8, _xlfn.SEQUENCE(5), 6 - _xlfn.SEQUENCE(1,5)), AE3="Vertical Flip", INDEX($C4:$G8, 6 - _xlfn.SEQUENCE(5), _xlfn.SEQUENCE(1,5)), AE3="180 Rotation", INDEX($C4:$G8, 6 - _xlfn.SEQUENCE(5), 6 - _xlfn.SEQUENCE(1,5)), AE3="90 CW", INDEX($C4:$G8, 6 - _xlfn.SEQUENCE(1,5), _xlfn.SEQUENCE(5)), AE3="90 CCW", INDEX($C4:$G8, _xlfn.SEQUENCE(1,5), 6 - _xlfn.SEQUENCE(5)), AE3="Shift Up", IF(_xlfn.SEQUENCE(5)+1<=5, INDEX($C4:$G8, _xlfn.SEQUENCE(5)+1, _xlfn.SEQUENCE(1,5)), 0), AE3="Shift Down", IF(_xlfn.SEQUENCE(5)-1>=1, INDEX($C4:$G8, _xlfn.SEQUENCE(5)-1, _xlfn.SEQUENCE(1,5)), 0), AE3="Shift Left", IF(_xlfn.SEQUENCE(1,5)+1<=5, INDEX($C4:$G8, _xlfn.SEQUENCE(5), _xlfn.SEQUENCE(1,5)+1),0), AE3= "Shift Right", IF(_xlfn.SEQUENCE(1,5)-1>=1, INDEX($C4:$G8, _xlfn.SEQUENCE(5), _xlfn.SEQUENCE(1,5)-1), 0), AE3="Noise", _xlfn.MAP($C4:$G8 + (_xlfn.RANDARRAY(ROWS($C4:$G8), COLUMNS($C4:$G8)) - 0.5) * 0.4, _xlfn.LAMBDA(_xlpm.x, MAX(0, MIN(1, _xlpm.x)))))} -> 0.62984699 | AF4: 1 | AG4: 0.29821821 | AH4: 1 | AI4: 0.20412302 | AL4: {=_xlfn.IFS(AL3="None", $C4:$G8*0, AL3="Horizontal Flip", INDEX($C4:$G8, _xlfn.SEQUENCE(5), 6 - _xlfn.SEQUENCE(1,5)), AL3="Vertical Flip", INDEX($C4:$G8, 6 - _xlfn.SEQUENCE(5), _xlfn.SEQUENCE(1,5)), AL3="180 Rotation", INDEX($C4:$G8, 6 - _xlfn.SEQUENCE(5), 6 - _xlfn.SEQUENCE(1,5)), AL3="90 CW", INDEX($C4:$G8, 6 - _xlfn.SEQUENCE(1,5), _xlfn.SEQUENCE(5)), AL3="90 CCW", INDEX($C4:$G8, _xlfn.SEQUENCE(1,5), 6 - _xlfn.SEQUENCE(5)), AL3="Shift Up", IF(_xlfn.SEQUENCE(5)+1<=5, INDEX($C4:$G8, _xlfn.SEQUENCE(5)+1, _xlfn.SEQUENCE(1,5)), 0), AL3="Shift Down", IF(_xlfn.SEQUENCE(5)-1>=1, INDEX($C4:$G8, _xlfn.SEQUENCE(5)-1, _xlfn.SEQUENCE(1,5)), 0), AL3="Shift Left", IF(_xlfn.SEQUENCE(1,5)+1<=5, INDEX($C4:$G8, _xlfn.SEQUENCE(5), _xlfn.SEQUENCE(1,5)+1),0), AL3= "Shift Right", IF(_xlfn.SEQUENCE(1,5)-1>=1, INDEX($C4:$G8, _xlfn.SEQUENCE(5), _xlfn.SEQUENCE(1,5)-1), 0), AL3="Noise", _xlfn.MAP($C4:$G8 + (_xlfn.RANDARRAY(ROWS($C4:$G8), COLUMNS($C4:$G8)) - 0.5) * 0.4, _xlfn.LAMBDA(_xlpm.x, MAX(0, MIN(1, _xlpm.x)))))} -> 0 | AM4: 0 | AN4: 0 | AO4: 0 | AP4: 0 | AS4: {=_xlfn.IFS(AS3="None", $C4:$G8*0, AS3="Horizontal Flip", INDEX($C4:$G8, _xlfn.SEQUENCE(5), 6 - _xlfn.SEQUENCE(1,5)), AS3="Vertical Flip", INDEX($C4:$G8, 6 - _xlfn.SEQUENCE(5), _xlfn.SEQUENCE(1,5)), AS3="180 Rotation", INDEX($C4:$G8, 6 - _xlfn.SEQUENCE(5), 6 - _xlfn.SEQUENCE(1,5)), AS3="90 CW", INDEX($C4:$G8, 6 - _xlfn.SEQUENCE(1,5), _xlfn.SEQUENCE(5)), AS3="90 CCW", INDEX($C4:$G8, _xlfn.SEQUENCE(1,5), 6 - _xlfn.SEQUENCE(5)), AS3="Shift Up", IF(_xlfn.SEQUENCE(5)+1<=5, INDEX($C4:$G8, _xlfn.SEQUENCE(5)+1, _xlfn.SEQUENCE(1,5)), 0), AS3="Shift Down", IF(_xlfn.SEQUENCE(5)-1>=1, INDEX($C4:$G8, _xlfn.SEQUENCE(5)-1, _xlfn.SEQUENCE(1,5)), 0), AS3="Shift Left", IF(_xlfn.SEQUENCE(1,5)+1<=5, INDEX($C4:$G8, _xlfn.SEQUENCE(5), _xlfn.SEQUENCE(1,5)+1),0), AS3= "Shift Right", IF(_xlfn.SEQUENCE(1,5)-1>=1, INDEX($C4:$G8, _xlfn.SEQUENCE(5), _xlfn.SEQUENCE(1,5)-1), 0), AS3="Noise", _xlfn.MAP($C4:$G8 + (_xlfn.RANDARRAY(ROWS($C4:$G8), COLUMNS($C4:$G8)) - 0.5) * 0.4, _xlfn.LAMBDA(_xlpm.x, MAX(0, MIN(1, _xlpm.x)))))} -> 1 | AT4: 1 | AU4: 1 | AV4: 0.23189844 | AW4: 0 | AZ4: {=_xlfn.IFS(AZ3="None", $C4:$G8*0, AZ3="Horizontal Flip", INDEX($C4:$G8, _xlfn.SEQUENCE(5), 6 - _xlfn.SEQUENCE(1,5)), AZ3="Vertical Flip", INDEX($C4:$G8, 6 - _xlfn.SEQUENCE(5), _xlfn.SEQUENCE(1,5)), AZ3="180 Rotation", INDEX($C4:$G8, 6 - _xlfn.SEQUENCE(5), 6 - _xlfn.SEQUENCE(1,5)), AZ3="90 CW", INDEX($C4:$G8, 6 - _xlfn.SEQUENCE(1,5), _xlfn.SEQUENCE(5)), AZ3="90 CCW", INDEX($C4:$G8, _xlfn.SEQUENCE(1,5), 6 - _xlfn.SEQUENCE(5)), AZ3="Shift Up", IF(_xlfn.SEQUENCE(5)+1<=5, INDEX($C4:$G8, _xlfn.SEQUENCE(5)+1, _xlfn.SEQUENCE(1,5)), 0), AZ3="Shift Down", IF(_xlfn.SEQUENCE(5)-1>=1, INDEX($C4:$G8, _xlfn.SEQUENCE(5)-1, _xlfn.SEQUENCE(1,5)), 0), AZ3="Shift Left", IF(_xlfn.SEQUENCE(1,5)+1<=5, INDEX($C4:$G8, _xlfn.SEQUENCE(5), _xlfn.SEQUENCE(1,5)+1),0), AZ3= "Shift Right", IF(_xlfn.SEQUENCE(1,5)-1>=1, INDEX($C4:$G8, _xlfn.SEQUENCE(5), _xlfn.SEQUENCE(1,5)-1), 0), AZ3="Noise", _xlfn.MAP($C4:$G8 + (_xlfn.RANDARRAY(ROWS($C4:$G8), COLUMNS($C4:$G8)) - 0.5) * 0.4, _xlfn.LAMBDA(_xlpm.x, MAX(0, MIN(1, _xlpm.x)))))} -> 0.22260189 | BA4: 0.64781383 | BB4: 0.6159387 | BC4: 0.38883353 | BD4: 0.63892938 | BG4: {=_xlfn.IFS(BG3="None", $C4:$G8*0, BG3="Horizontal Flip", INDEX($C4:$G8, _xlfn.SEQUENCE(5), 6 - _xlfn.SEQUENCE(1,5)), BG3="Vertical Flip", INDEX($C4:$G8, 6 - _xlfn.SEQUENCE(5), _xlfn.SEQUENCE(1,5)), BG3="180 Rotation", INDEX($C4:$G8, 6 - _xlfn.SEQUENCE(5), 6 - _xlfn.SEQUENCE(1,5)), BG3="90 CW", INDEX($C4:$G8, 6 - _xlfn.SEQUENCE(1,5), _xlfn.SEQUENCE(5)), BG3="90 CCW", INDEX($C4:$G8, _xlfn.SEQUENCE(1,5), 6 - _xlfn.SEQUENCE(5)), BG3="Shift Up", IF(_xlfn.SEQUENCE(5)+1<=5, INDEX($C4:$G8, _xlfn.SEQUENCE(5)+1, _xlfn.SEQUENCE(1,5)), 0), BG3="Shift Down", IF(_xlfn.SEQUENCE(5)-1>=1, INDEX($C4:$G8, _xlfn.SEQUENCE(5)-1, _xlfn.SEQUENCE(1,5)), 0), BG3="Shift Left", IF(_xlfn.SEQUENCE(1,5)+1<=5, INDEX($C4:$G8, _xlfn.SEQUENCE(5), _xlfn.SEQUENCE(1,5)+1),0), BG3= "Shift Right", IF(_xlfn.SEQUENCE(1,5)-1>=1, INDEX($C4:$G8, _xlfn.SEQUENCE(5), _xlfn.SEQUENCE(1,5)-1), 0), BG3="Noise", _xlfn.MAP($C4:$G8 + (_xlfn.RANDARRAY(ROWS($C4:$G8), COLUMNS($C4:$G8)) - 0.5) * 0.4, _xlfn.LAMBDA(_xlpm.x, MAX(0, MIN(1, _xlpm.x)))))} -> 0.28825121 | BH4: 0.94840056 | BI4: 0.95564103 | BJ4: 1 | BK4: 0.24367981 | BN4: {=_xlfn.IFS(BN3="None", $C4:$G8*0, BN3="Horizontal Flip", INDEX($C4:$G8, _xlfn.SEQUENCE(5), 6 - _xlfn.SEQUENCE(1,5)), BN3="Vertical Flip", INDEX($C4:$G8, 6 - _xlfn.SEQUENCE(5), _xlfn.SEQUENCE(1,5)), BN3="180 Rotation", INDEX($C4:$G8, 6 - _xlfn.SEQUENCE(5), 6 - _xlfn.SEQUENCE(1,5)), BN3="90 CW", INDEX($C4:$G8, 6 - _xlfn.SEQUENCE(1,5), _xlfn.SEQUENCE(5)), BN3="90 CCW", INDEX($C4:$G8, _xlfn.SEQUENCE(1,5), 6 - _xlfn.SEQUENCE(5)), BN3="Shift Up", IF(_xlfn.SEQUENCE(5)+1<=5, INDEX($C4:$G8, _xlfn.SEQUENCE(5)+1, _xlfn.SEQUENCE(1,5)), 0), BN3="Shift Down", IF(_xlfn.SEQUENCE(5)-1>=1, INDEX($C4:$G8, _xlfn.SEQUENCE(5)-1, _xlfn.SEQUENCE(1,5)), 0), BN3="Shift Left", IF(_xlfn.SEQUENCE(1,5)+1<=5, INDEX($C4:$G8, _xlfn.SEQUENCE(5), _xlfn.SEQUENCE(1,5)+1),0), BN3= "Shift Right", IF(_xlfn.SEQUENCE(1,5)-1>=1, INDEX($C4:$G8, _xlfn.SEQUENCE(5), _xlfn.SEQUENCE(1,5)-1), 0), BN3="Noise", _xlfn.MAP($C4:$G8 + (_xlfn.RANDARRAY(ROWS($C4:$G8), COLUMNS($C4:$G8)) - 0.5) * 0.4, _xlfn.LAMBDA(_xlpm.x, MAX(0, MIN(1, _xlpm.x)))))} -> 0.23189844 | BO4: 1 | BP4: 1 | BQ4: 1 | BR4: 0.19397269 | BU4: {=_xlfn.IFS(BU3="None", $C4:$G8*0, BU3="Horizontal Flip", INDEX($C4:$G8, _xlfn.SEQUENCE(5), 6 - _xlfn.SEQUENCE(1,5)), BU3="Vertical Flip", INDEX($C4:$G8, 6 - _xlfn.SEQUENCE(5), _xlfn.SEQUENCE(1,5)), BU3="180 Rotation", INDEX($C4:$G8, 6 - _xlfn.SEQUENCE(5), 6 - _xlfn.SEQUENCE(1,5)), BU3="90 CW", INDEX($C4:$G8, 6 - _xlfn.SEQUENCE(1,5), _xlfn.SEQUENCE(5)), BU3="90 CCW", INDEX($C4:$G8, _xlfn.SEQUENCE(1,5), 6 - _xlfn.SEQUENCE(5)), BU3="Shift Up", IF(_xlfn.SEQUENCE(5)+1<=5, INDEX($C4:$G8, _xlfn.SEQUENCE(5)+1, _xlfn.SEQUENCE(1,5)), 0), BU3="Shift Down", IF(_xlfn.SEQUENCE(5)-1>=1, INDEX($C4:$G8, _xlfn.SEQUENCE(5)-1, _xlfn.SEQUENCE(1,5)), 0), BU3="Shift Left", IF(_xlfn.SEQUENCE(1,5)+1<=5, INDEX($C4:$G8, _xlfn.SEQUENCE(5), _xlfn.SEQUENCE(1,5)+1),0), BU3= "Shift Right", IF(_xlfn.SEQUENCE(1,5)-1>=1, INDEX($C4:$G8, _xlfn.SEQUENCE(5), _xlfn.SEQUENCE(1,5)-1), 0), BU3="Noise", _xlfn.MAP($C4:$G8 + (_xlfn.RANDARRAY(ROWS($C4:$G8), COLUMNS($C4:$G8)) - 0.5) * 0.4, _xlfn.LAMBDA(_xlpm.x, MAX(0, MIN(1, _xlpm.x)))))} -> 0.63892938 | BV4: 0.57347654 | BW4: 0.58778719 | BX4: 0.62984699 | BY4: 0.19397269 | CD4: names | CE4: 0, 1, 2, 3, 4, 5, 6, 7, 8, 9
C5: 0.62984699 | D5: 1 | E5: 0.29821821 | F5: 1 | G5: 0.20412302 | J5: 0.57347654 | K5: 1 | L5: 1 | M5: 1 | N5: 0.53040139 | Q5: 0 | R5: 0.62984699 | S5: 1 | T5: 0.29821821 | U5: 1 | X5: 1 | Y5: 1 | Z5: 1 | AA5: 1 | AB5: 0.64781383 | AE5: 0.58778719 | AF5: 1 | AG5: 0.36306765 | AH5: 1 | AI5: 0.35168989 | AL5: 0.19397269 | AM5: 1 | AN5: 1 | AO5: 1 | AP5: 0.23189844 | AS5: 1 | AT5: 0.29821821 | AU5: 1 | AV5: 0.20412302 | AW5: 0 | AZ5: 0.53040139 | BA5: 1 | BB5: 1 | BC5: 1 | BD5: 0.57347654 | BG5: 0.66375279 | BH5: 1 | BI5: 0.13003226 | BJ5: 1 | BK5: 0.054417978 | BN5: 0.20412302 | BO5: 1 | BP5: 0.29821821 | BQ5: 1 | BR5: 0.62984699 | BU5: 0.38883353 | BV5: 1 | BW5: 1 | BX5: 1 | BY5: 1 | CD5: samples | CE5: 11
C6: 0.58778719 | D6: 1 | E6: 0.36306765 | F6: 1 | G6: 0.35168989 | J6: 0.58778719 | K6: 1 | L6: 0.36306765 | M6: 1 | N6: 0.35168989 | Q6: 0 | R6: 0.58778719 | S6: 1 | T6: 0.36306765 | U6: 1 | X6: 1 | Y6: 0.29821821 | Z6: 0.36306765 | AA6: 1 | AB6: 0.6159387 | AE6: 0.57347654 | AF6: 1 | AG6: 1 | AH6: 1 | AI6: 0.53040139 | AL6: 0.62984699 | AM6: 1 | AN6: 0.29821821 | AO6: 1 | AP6: 0.20412302 | AS6: 1 | AT6: 0.36306765 | AU6: 1 | AV6: 0.35168989 | AW6: 0 | AZ6: 0.35168989 | BA6: 1 | BB6: 0.36306765 | BC6: 1 | BD6: 0.58778719 | BG6: 0.45106541 | BH6: 1 | BI6: 0.47401027 | BJ6: 0.85016637 | BK6: 0.45328994 | BN6: 0.35168989 | BO6: 1 | BP6: 0.36306765 | BQ6: 1 | BR6: 0.58778719 | BU6: 0.6159387 | BV6: 1 | BW6: 0.36306765 | BX6: 0.29821821 | BY6: 1 | CD6: rows | CE6: 5
C7: 0.57347654 | D7: 1 | E7: 1 | F7: 1 | G7: 0.53040139 | J7: 0.62984699 | K7: 1 | L7: 0.29821821 | M7: 1 | N7: 0.20412302 | Q7: 0 | R7: 0.57347654 | S7: 1 | T7: 1 | U7: 1 | X7: 1 | Y7: 1 | Z7: 1 | AA7: 1 | AB7: 0.38883353 | AE7: 0.63892938 | AF7: 0.38883353 | AG7: 0.6159387 | AH7: 0.64781383 | AI7: 0.22260189 | AL7: 0.58778719 | AM7: 1 | AN7: 0.36306765 | AO7: 1 | AP7: 0.35168989 | AS7: 1 | AT7: 1 | AU7: 1 | AV7: 0.53040139 | AW7: 0 | AZ7: 0.20412302 | BA7: 1 | BB7: 0.29821821 | BC7: 1 | BD7: 0.62984699 | BG7: 0.62149275 | BH7: 0.97659091 | BI7: 1 | BJ7: 1 | BK7: 0.62590366 | BN7: 0.53040139 | BO7: 1 | BP7: 1 | BQ7: 1 | BR7: 0.57347654 | BU7: 0.64781383 | BV7: 1 | BW7: 1 | BX7: 1 | BY7: 1 | CD7: cols | CE7: 5
C8: 0.63892938 | D8: 0.38883353 | E8: 0.6159387 | F8: 0.64781383 | G8: 0.22260189 | J8: 0.19397269 | K8: 1 | L8: 1 | M8: 1 | N8: 0.23189844 | Q8: 0 | R8: 0.63892938 | S8: 0.38883353 | T8: 0.6159387 | U8: 0.64781383 | X8: 0.19397269 | Y8: 0.62984699 | Z8: 0.58778719 | AA8: 0.57347654 | AB8: 0.63892938 | AE8: 0 | AF8: 0 | AG8: 0 | AH8: 0 | AI8: 0 | AL8: 0.57347654 | AM8: 1 | AN8: 1 | AO8: 1 | AP8: 0.53040139 | AS8: 0.38883353 | AT8: 0.6159387 | AU8: 0.64781383 | AV8: 0.22260189 | AW8: 0 | AZ8: 0.23189844 | BA8: 1 | BB8: 1 | BC8: 1 | BD8: 0.19397269 | BG8: 0.62391443 | BH8: 0.54867583 | BI8: 0.76793361 | BJ8: 0.59984873 | BK8: 0.32585522 | BN8: 0.22260189 | BO8: 0.64781383 | BP8: 0.6159387 | BQ8: 0.38883353 | BR8: 0.63892938 | BU8: 0.22260189 | BV8: 0.53040139 | BW8: 0.35168989 | BX8: 0.20412302 | BY8: 0.23189844
B10: 1 | C10: Original | J10: {=INDEX(Helper!$E$13:$E$22, OFFSET(Helper!$J$13,$B10,J$2))} -> Vertical Flip | Q10: {=INDEX(Helper!$E$13:$E$22, OFFSET(Helper!$J$13,$B10,Q$2))} -> Horizontal Flip | X10: {=INDEX(Helper!$E$13:$E$22, OFFSET(Helper!$J$13,$B10,X$2))} -> Shift Right | AE10: {=INDEX(Helper!$E$13:$E$22, OFFSET(Helper!$J$13,$B10,AE$2))} -> 90 CW | AL10: {=INDEX(Helper!$E$13:$E$22, OFFSET(Helper!$J$13,$B10,AL$2))} -> Shift Left | AS10: {=INDEX(Helper!$E$13:$E$22, OFFSET(Helper!$J$13,$B10,AS$2))} -> Noise | AZ10: {=INDEX(Helper!$E$13:$E$22, OFFSET(Helper!$J$13,$B10,AZ$2))} -> 180 Rotation | BG10: {=INDEX(Helper!$E$13:$E$22, OFFSET(Helper!$J$13,$B10,BG$2))} -> Shift Down | BN10: {=INDEX(Helper!$E$13:$E$22, OFFSET(Helper!$J$13,$B10,BN$2))} -> 90 CCW | BU10: {=INDEX(Helper!$E$13:$E$22, OFFSET(Helper!$J$13,$B10,BU$2))} -> Shift Up
C11: 0.49852125 | D11: 0.32578389 | E11: 1 | F11: 0.23722851 | G11: 0.57956458 | J11: {=_xlfn.IFS(J10="None", $C11:$G15*0, J10="Horizontal Flip", INDEX($C11:$G15, _xlfn.SEQUENCE(5), 6 - _xlfn.SEQUENCE(1,5)), J10="Vertical Flip", INDEX($C11:$G15, 6 - _xlfn.SEQUENCE(5), _xlfn.SEQUENCE(1,5)), J10="180 Rotation", INDEX($C11:$G15, 6 - _xlfn.SEQUENCE(5), 6 - _xlfn.SEQUENCE(1,5)), J10="90 CW", INDEX($C11:$G15, 6 - _xlfn.SEQUENCE(1,5), _xlfn.SEQUENCE(5)), J10="90 CCW", INDEX($C11:$G15, _xlfn.SEQUENCE(1,5), 6 - _xlfn.SEQUENCE(5)), J10="Shift Up", IF(_xlfn.SEQUENCE(5)+1<=5, INDEX($C11:$G15, _xlfn.SEQUENCE(5)+1, _xlfn.SEQUENCE(1,5)), 0), J10="Shift Down", IF(_xlfn.SEQUENCE(5)-1>=1, INDEX($C11:$G15, _xlfn.SEQUENCE(5)-1, _xlfn.SEQUENCE(1,5)), 0), J10="Shift Left", IF(_xlfn.SEQUENCE(1,5)+1<=5, INDEX($C11:$G15, _xlfn.SEQUENCE(5), _xlfn.SEQUENCE(1,5)+1),0), J10= "Shift Right", IF(_xlfn.SEQUENCE(1,5)-1>=1, INDEX($C11:$G15, _xlfn.SEQUENCE(5), _xlfn.SEQUENCE(1,5)-1), 0), J10="Noise", _xlfn.MAP($C11:$G15 + (_xlfn.RANDARRAY(ROWS($C11:$G15), COLUMNS($C11:$G15)) - 0.5) * 0.4, _xlfn.LAMBDA(_xlpm.x, MAX(0, MIN(1, _xlpm.x)))))} -> 0.33432835 | K11: 1 | L11: 1 | M11: 1 | N11: 0.18222316 | Q11: {=_xlfn.IFS(Q10="None", $C11:$G15*0, Q10="Horizontal Flip", INDEX($C11:$G15, _xlfn.SEQUENCE(5), 6 - _xlfn.SEQUENCE(1,5)), Q10="Vertical Flip", INDEX($C11:$G15, 6 - _xlfn.SEQUENCE(5), _xlfn.SEQUENCE(1,5)), Q10="180 Rotation", INDEX($C11:$G15, 6 - _xlfn.SEQUENCE(5), 6 - _xlfn.SEQUENCE(1,5)), Q10="90 CW", INDEX($C11:$G15, 6 - _xlfn.SEQUENCE(1,5), _xlfn.SEQUENCE(5)), Q10="90 CCW", INDEX($C11:$G15, _xlfn.SEQUENCE(1,5), 6 - _xlfn.SEQUENCE(5)), Q10="Shift Up", IF(_xlfn.SEQUENCE(5)+1<=5, INDEX($C11:$G15, _xlfn.SEQUENCE(5)+1, _xlfn.SEQUENCE(1,5)), 0), Q10="Shift Down", IF(_xlfn.SEQUENCE(5)-1>=1, INDEX($C11:$G15, _xlfn.SEQUENCE(5)-1, _xlfn.SEQUENCE(1,5)), 0), Q10="Shift Left", IF(_xlfn.SEQUENCE(1,5)+1<=5, INDEX($C11:$G15, _xlfn.SEQUENCE(5), _xlfn.SEQUENCE(1,5)+1),0), Q10= "Shift Right", IF(_xlfn.SEQUENCE(1,5)-1>=1, INDEX($C11:$G15, _xlfn.SEQUENCE(5), _xlfn.SEQUENCE(1,5)-1), 0), Q10="Noise", _xlfn.MAP($C11:$G15 + (_xlfn.RANDARRAY(ROWS($C11:$G15), COLUMNS($C11:$G15)) - 0.5) * 0.4, _xlfn.LAMBDA(_xlpm.x, MAX(0, MIN(1, _xlpm.x)))))} -> 0.57956458 | R11: 0.23722851 | S11: 1 | T11: 0.32578389 | U11: 0.49852125 | X11: {=_xlfn.IFS(X10="None", $C11:$G15*0, X10="Horizontal Flip", INDEX($C11:$G15, _xlfn.SEQUENCE(5), 6 - _xlfn.SEQUENCE(1,5)), X10="Vertical Flip", INDEX($C11:$G15, 6 - _xlfn.SEQUENCE(5), _xlfn.SEQUENCE(1,5)), X10="180 Rotation", INDEX($C11:$G15, 6 - _xlfn.SEQUENCE(5), 6 - _xlfn.SEQUENCE(1,5)), X10="90 CW", INDEX($C11:$G15, 6 - _xlfn.SEQUENCE(1,5), _xlfn.SEQUENCE(5)), X10="90 CCW", INDEX($C11:$G15, _xlfn.SEQUENCE(1,5), 6 - _xlfn.SEQUENCE(5)), X10="Shift Up", IF(_xlfn.SEQUENCE(5)+1<=5, INDEX($C11:$G15, _xlfn.SEQUENCE(5)+1, _xlfn.SEQUENCE(1,5)), 0), X10="Shift Down", IF(_xlfn.SEQUENCE(5)-1>=1, INDEX($C11:$G15, _xlfn.SEQUENCE(5)-1, _xlfn.SEQUENCE(1,5)), 0), X10="Shift Left", IF(_xlfn.SEQUENCE(1,5)+1<=5, INDEX($C11:$G15, _xlfn.SEQUENCE(5), _xlfn.SEQUENCE(1,5)+1),0), X10= "Shift Right", IF(_xlfn.SEQUENCE(1,5)-1>=1, INDEX($C11:$G15, _xlfn.SEQUENCE(5), _xlfn.SEQUENCE(1,5)-1), 0), X10="Noise", _xlfn.MAP($C11:$G15 + (_xlfn.RANDARRAY(ROWS($C11:$G15), COLUMNS($C11:$G15)) - 0.5) * 0.4, _xlfn.LAMBDA(_xlpm.x, MAX(0, MIN(1, _xlpm.x)))))} -> 0 | Y11: 0.49852125 | Z11: 0.32578389 | AA11: 1 | AB11: 0.23722851 | AE11: {=_xlfn.IFS(AE10="None", $C11:$G15*0, AE10="Horizontal Flip", INDEX($C11:$G15, _xlfn.SEQUENCE(5), 6 - _xlfn.SEQUENCE(1,5)), AE10="Vertical Flip", INDEX($C11:$G15, 6 - _xlfn.SEQUENCE(5), _xlfn.SEQUENCE(1,5)), AE10="180 Rotation", INDEX($C11:$G15, 6 - _xlfn.SEQUENCE(5), 6 - _xlfn.SEQUENCE(1,5)), AE10="90 CW", INDEX($C11:$G15, 6 - _xlfn.SEQUENCE(1,5), _xlfn.SEQUENCE(5)), AE10="90 CCW", INDEX($C11:$G15, _xlfn.SEQUENCE(1,5), 6 - _xlfn.SEQUENCE(5)), AE10="Shift Up", IF(_xlfn.SEQUENCE(5)+1<=5, INDEX($C11:$G15, _xlfn.SEQUENCE(5)+1, _xlfn.SEQUENCE(1,5)), 0), AE10="Shift Down", IF(_xlfn.SEQUENCE(5)-1>=1, INDEX($C11:$G15, _xlfn.SEQUENCE(5)-1, _xlfn.SEQUENCE(1,5)), 0), AE10="Shift Left", IF(_xlfn.SEQUENCE(1,5)+1<=5, INDEX($C11:$G15, _xlfn.SEQUENCE(5), _xlfn.SEQUENCE(1,5)+1),0), AE10= "Shift Right", IF(_xlfn.SEQUENCE(1,5)-1>=1, INDEX($C11:$G15, _xlfn.SEQUENCE(5), _xlfn.SEQUENCE(1,5)-1), 0), AE10="Noise", _xlfn.MAP($C11:$G15 + (_xlfn.RANDARRAY(ROWS($C11:$G15), COLUMNS($C11:$G15)) - 0.5) * 0.4, _xlfn.LAMBDA(_xlpm.x, MAX(0, MIN(1, _xlpm.x)))))} -> 0.33432835 | AF11: 0.36064882 | AG11: 0.29327062 | AH11: 0.52525198 | AI11: 0.49852125 | AL11: {=_xlfn.IFS(AL10="None", $C11:$G15*0, AL10="Horizontal Flip", INDEX($C11:$G15, _xlfn.SEQUENCE(5), 6 - _xlfn.SEQUENCE(1,5)), AL10="Vertical Flip", INDEX($C11:$G15, 6 - _xlfn.SEQUENCE(5), _xlfn.SEQUENCE(1,5)), AL10="180 Rotation", INDEX($C11:$G15, 6 - _xlfn.SEQUENCE(5), 6 - _xlfn.SEQUENCE(1,5)), AL10="90 CW", INDEX($C11:$G15, 6 - _xlfn.SEQUENCE(1,5), _xlfn.SEQUENCE(5)), AL10="90 CCW", INDEX($C11:$G15, _xlfn.SEQUENCE(1,5), 6 - _xlfn.SEQUENCE(5)), AL10="Shift Up", IF(_xlfn.SEQUENCE(5)+1<=5, INDEX($C11:$G15, _xlfn.SEQUENCE(5)+1, _xlfn.SEQUENCE(1,5)), 0), AL10="Shift Down", IF(_xlfn.SEQUENCE(5)-1>=1, INDEX($C11:$G15, _xlfn.SEQUENCE(5)-1, _xlfn.SEQUENCE(1,5)), 0), AL10="Shift Left", IF(_xlfn.SEQUENCE(1,5)+1<=5, INDEX($C11:$G15, _xlfn.SEQUENCE(5), _xlfn.SEQUENCE(1,5)+1),0), AL10= "Shift Right", IF(_xlfn.SEQUENCE(1,5)-1>=1, INDEX($C11:$G15, _xlfn.SEQUENCE(5), _xlfn.SEQUENCE(1,5)-1), 0), AL10="Noise", _xlfn.MAP($C11:$G15 + (_xlfn.RANDARRAY(ROWS($C11:$G15), COLUMNS($C11:$G15)) - 0.5) * 0.4, _xlfn.LAMBDA(_xlpm.x, MAX(0, MIN(1, _xlpm.x)))))} -> 0.32578389 | AM11: 1 | AN11: 0.23722851 | AO11: 0.57956458 | AP11: 0 | AS11: {=_xlfn.IFS(AS10="None", $C11:$G15*0, AS10="Horizontal Flip", INDEX($C11:$G15, _xlfn.SEQUENCE(5), 6 - _xlfn.SEQUENCE(1,5)), AS10="Vertical Flip", INDEX($C11:$G15, 6 - _xlfn.SEQUENCE(5), _xlfn.SEQUENCE(1,5)), AS10="180 Rotation", INDEX($C11:$G15, 6 - _xlfn.SEQUENCE(5), 6 - _xlfn.SEQUENCE(1,5)), AS10="90 CW", INDEX($C11:$G15, 6 - _xlfn.SEQUENCE(1,5), _xlfn.SEQUENCE(5)), AS10="90 CCW", INDEX($C11:$G15, _xlfn.SEQUENCE(1,5), 6 - _xlfn.SEQUENCE(5)), AS10="Shift Up", IF(_xlfn.SEQUENCE(5)+1<=5, INDEX($C11:$G15, _xlfn.SEQUENCE(5)+1, _xlfn.SEQUENCE(1,5)), 0), AS10="Shift Down", IF(_xlfn.SEQUENCE(5)-1>=1, INDEX($C11:$G15, _xlfn.SEQUENCE(5)-1, _xlfn.SEQUENCE(1,5)), 0), AS10="Shift Left", IF(_xlfn.SEQUENCE(1,5)+1<=5, INDEX($C11:$G15, _xlfn.SEQUENCE(5), _xlfn.SEQUENCE(1,5)+1),0), AS10= "Shift Right", IF(_xlfn.SEQUENCE(1,5)-1>=1, INDEX($C11:$G15, _xlfn.SEQUENCE(5), _xlfn.SEQUENCE(1,5)-1), 0), AS10="Noise", _xlfn.MAP($C11:$G15 + (_xlfn.RANDARRAY(ROWS($C11:$G15), COLUMNS($C11:$G15)) - 0.5) * 0.4, _xlfn.LAMBDA(_xlpm.x, MAX(0, MIN(1, _xlpm.x)))))} -> 0.3449092 | AT11: 0.14503663 | AU11: 1 | AV11: 0.40891999 | AW11: 0.70860841 | AZ11: {=_xlfn.IFS(AZ10="None", $C11:$G15*0, AZ10="Horizontal Flip", INDEX($C11:$G15, _xlfn.SEQUENCE(5), 6 - _xlfn.SEQUENCE(1,5)), AZ10="Vertical Flip", INDEX($C11:$G15, 6 - _xlfn.SEQUENCE(5), _xlfn.SEQUENCE(1,5)), AZ10="180 Rotation", INDEX($C11:$G15, 6 - _xlfn.SEQUENCE(5), 6 - _xlfn.SEQUENCE(1,5)), AZ10="90 CW", INDEX($C11:$G15, 6 - _xlfn.SEQUENCE(1,5), _xlfn.SEQUENCE(5)), AZ10="90 CCW", INDEX($C11:$G15, _xlfn.SEQUENCE(1,5), 6 - _xlfn.SEQUENCE(5)), AZ10="Shift Up", IF(_xlfn.SEQUENCE(5)+1<=5, INDEX($C11:$G15, _xlfn.SEQUENCE(5)+1, _xlfn.SEQUENCE(1,5)), 0), AZ10="Shift Down", IF(_xlfn.SEQUENCE(5)-1>=1, INDEX($C11:$G15, _xlfn.SEQUENCE(5)-1, _xlfn.SEQUENCE(1,5)), 0), AZ10="Shift Left", IF(_xlfn.SEQUENCE(1,5)+1<=5, INDEX($C11:$G15, _xlfn.SEQUENCE(5), _xlfn.SEQUENCE(1,5)+1),0), AZ10= "Shift Right", IF(_xlfn.SEQUENCE(1,5)-1>=1, INDEX($C11:$G15, _xlfn.SEQUENCE(5), _xlfn.SEQUENCE(1,5)-1), 0), AZ10="Noise", _xlfn.MAP($C11:$G15 + (_xlfn.RANDARRAY(ROWS($C11:$G15), COLUMNS($C11:$G15)) - 0.5) * 0.4, _xlfn.LAMBDA(_xlpm.x, MAX(0, MIN(1, _xlpm.x)))))} -> 0.18222316 | BA11: 1 | BB11: 1 | BC11: 1 | BD11: 0.33432835 | BG11: {=_xlfn.IFS(BG10="None", $C11:$G15*0, BG10="Horizontal Flip", INDEX($C11:$G15, _xlfn.SEQUENCE(5), 6 - _xlfn.SEQUENCE(1,5)), BG10="Vertical Flip", INDEX($C11:$G15, 6 - _xlfn.SEQUENCE(5), _xlfn.SEQUENCE(1,5)), BG10="180 Rotation", INDEX($C11:$G15, 6 - _xlfn.SEQUENCE(5), 6 - _xlfn.SEQUENCE(1,5)), BG10="90 CW", INDEX($C11:$G15, 6 - _xlfn.SEQUENCE(1,5), _xlfn.SEQUENCE(5)), BG10="90 CCW", INDEX($C11:$G15, _xlfn.SEQUENCE(1,5), 6 - _xlfn.SEQUENCE(5)), BG10="Shift Up", IF(_xlfn.SEQUENCE(5)+1<=5, INDEX($C11:$G15, _xlfn.SEQUENCE(5)+1, _xlfn.SEQUENCE(1,5)), 0), BG10="Shift Down", IF(_xlfn.SEQUENCE(5)-1>=1, INDEX($C11:$G15, _xlfn.SEQUENCE(5)-1, _xlfn.SEQUENCE(1,5)), 0), BG10="Shift Left", IF(_xlfn.SEQUENCE(1,5)+1<=5, INDEX($C11:$G15, _xlfn.SEQUENCE(5), _xlfn.SEQUENCE(1,5)+1),0), BG10= "Shift Right", IF(_xlfn.SEQUENCE(1,5)-1>=1, INDEX($C11:$G15, _xlfn.SEQUENCE(5), _xlfn.SEQUENCE(1,5)-1), 0), BG10="Noise", _xlfn.MAP($C11:$G15 + (_xlfn.RANDARRAY(ROWS($C11:$G15), COLUMNS($C11:$G15)) - 0.5) * 0.4, _xlfn.LAMBDA(_xlpm.x, MAX(0, MIN(1, _xlpm.x)))))} -> 0 | BH11: 0 | BI11: 0 | BJ11: 0 | BK11: 0 | BN11: {=_xlfn.IFS(BN10="None", $C11:$G15*0, BN10="Horizontal Flip", INDEX($C11:$G15, _xlfn.SEQUENCE(5), 6 - _xlfn.SEQUENCE(1,5)), BN10="Vertical Flip", INDEX($C11:$G15, 6 - _xlfn.SEQUENCE(5), _xlfn.SEQUENCE(1,5)), BN10="180 Rotation", INDEX($C11:$G15, 6 - _xlfn.SEQUENCE(5), 6 - _xlfn.SEQUENCE(1,5)), BN10="90 CW", INDEX($C11:$G15, 6 - _xlfn.SEQUENCE(1,5), _xlfn.SEQUENCE(5)), BN10="90 CCW", INDEX($C11:$G15, _xlfn.SEQUENCE(1,5), 6 - _xlfn.SEQUENCE(5)), BN10="Shift Up", IF(_xlfn.SEQUENCE(5)+1<=5, INDEX($C11:$G15, _xlfn.SEQUENCE(5)+1, _xlfn.SEQUENCE(1,5)), 0), BN10="Shift Down", IF(_xlfn.SEQUENCE(5)-1>=1, INDEX($C11:$G15, _xlfn.SEQUENCE(5)-1, _xlfn.SEQUENCE(1,5)), 0), BN10="Shift Left", IF(_xlfn.SEQUENCE(1,5)+1<=5, INDEX($C11:$G15, _xlfn.SEQUENCE(5), _xlfn.SEQUENCE(1,5)+1),0), BN10= "Shift Right", IF(_xlfn.SEQUENCE(1,5)-1>=1, INDEX($C11:$G15, _xlfn.SEQUENCE(5), _xlfn.SEQUENCE(1,5)-1), 0), BN10="Noise", _xlfn.MAP($C11:$G15 + (_xlfn.RANDARRAY(ROWS($C11:$G15), COLUMNS($C11:$G15)) - 0.5) * 0.4, _xlfn.LAMBDA(_xlpm.x, MAX(0, MIN(1, _xlpm.x)))))} -> 0.57956458 | BO11: 0.62339485 | BP11: 0.44243688 | BQ11: 0.41742635 | BR11: 0.18222316 | BU11: {=_xlfn.IFS(BU10="None", $C11:$G15*0, BU10="Horizontal Flip", INDEX($C11:$G15, _xlfn.SEQUENCE(5), 6 - _xlfn.SEQUENCE(1,5)), BU10="Vertical Flip", INDEX($C11:$G15, 6 - _xlfn.SEQUENCE(5), _xlfn.SEQUENCE(1,5)), BU10="180 Rotation", INDEX($C11:$G15, 6 - _xlfn.SEQUENCE(5), 6 - _xlfn.SEQUENCE(1,5)), BU10="90 CW", INDEX($C11:$G15, 6 - _xlfn.SEQUENCE(1,5), _xlfn.SEQUENCE(5)), BU10="90 CCW", INDEX($C11:$G15, _xlfn.SEQUENCE(1,5), 6 - _xlfn.SEQUENCE(5)), BU10="Shift Up", IF(_xlfn.SEQUENCE(5)+1<=5, INDEX($C11:$G15, _xlfn.SEQUENCE(5)+1, _xlfn.SEQUENCE(1,5)), 0), BU10="Shift Down", IF(_xlfn.SEQUENCE(5)-1>=1, INDEX($C11:$G15, _xlfn.SEQUENCE(5)-1, _xlfn.SEQUENCE(1,5)), 0), BU10="Shift Left", IF(_xlfn.SEQUENCE(1,5)+1<=5, INDEX($C11:$G15, _xlfn.SEQUENCE(5), _xlfn.SEQUENCE(1,5)+1),0), BU10= "Shift Right", IF(_xlfn.SEQUENCE(1,5)-1>=1, INDEX($C11:$G15, _xlfn.SEQUENCE(5), _xlfn.SEQUENCE(1,5)-1), 0), BU10="Noise", _xlfn.MAP($C11:$G15 + (_xlfn.RANDARRAY(ROWS($C11:$G15), COLUMNS($C11:$G15)) - 0.5) * 0.4, _xlfn.LAMBDA(_xlpm.x, MAX(0, MIN(1, _xlpm.x)))))} -> 0.52525198 | BV11: 1 | BW11: 1 | BX11: 0.27029772 | BY11: 0.62339485
C12: 0.52525198 | D12: 1 | E12: 1 | F12: 0.27029772 | G12: 0.62339485 | J12: 0.36064882 | K12: 0.27631196 | L12: 1 | M12: 0.42164084 | N12: 0.41742635 | Q12: 0.62339485 | R12: 0.27029772 | S12: 1 | T12: 1 | U12: 0.52525198 | X12: 0 | Y12: 0.52525198 | Z12: 1 | AA12: 1 | AB12: 0.27029772 | AE12: 1 | AF12: 0.27631196 | AG12: 0.33592483 | AH12: 1 | AI12: 0.32578389 | AL12: 1 | AM12: 1 | AN12: 0.27029772 | AO12: 0.62339485 | AP12: 0 | AS12: 0.39514311 | AT12: 1 | AU12: 0.96269572 | AV12: 0.097624119 | AW12: 0.46604286 | AZ12: 0.41742635 | BA12: 0.42164084 | BB12: 1 | BC12: 0.27631196 | BD12: 0.36064882 | BG12: 0.49852125 | BH12: 0.32578389 | BI12: 1 | BJ12: 0.23722851 | BK12: 0.57956458 | BN12: 0.23722851 | BO12: 0.27029772 | BP12: 0.3775074 | BQ12: 0.42164084 | BR12: 1 | BU12: 0.29327062 | BV12: 0.33592483 | BW12: 1 | BX12: 0.3775074 | BY12: 0.44243688
C13: 0.29327062 | D13: 0.33592483 | E13: 1 | F13: 0.3775074 | G13: 0.44243688 | J13: 0.29327062 | K13: 0.33592483 | L13: 1 | M13: 0.3775074 | N13: 0.44243688 | Q13: 0.44243688 | R13: 0.3775074 | S13: 1 | T13: 0.33592483 | U13: 0.29327062 | X13: 0 | Y13: 0.29327062 | Z13: 0.33592483 | AA13: 1 | AB13: 0.3775074 | AE13: 1 | AF13: 1 | AG13: 1 | AH13: 1 | AI13: 1 | AL13: 0.33592483 | AM13: 1 | AN13: 0.3775074 | AO13: 0.44243688 | AP13: 0 | AS13: 0.20813915 | AT13: 0.42574423 | AU13: 1 | AV13: 0.40215104 | AW13: 0.29936562 | AZ13: 0.44243688 | BA13: 0.3775074 | BB13: 1 | BC13: 0.33592483 | BD13: 0.29327062 | BG13: 0.52525198 | BH13: 1 | BI13: 1 | BJ13: 0.27029772 | BK13: 0.62339485 | BN13: 1 | BO13: 1 | BP13: 1 | BQ13: 1 | BR13: 1 | BU13: 0.36064882 | BV13: 0.27631196 | BW13: 1 | BX13: 0.42164084 | BY13: 0.41742635
C14: 0.36064882 | D14: 0.27631196 | E14: 1 | F14: 0.42164084 | G14: 0.41742635 | J14: 0.52525198 | K14: 1 | L14: 1 | M14: 0.27029772 | N14: 0.62339485 | Q14: 0.41742635 | R14: 0.42164084 | S14: 1 | T14: 0.27631196 | U14: 0.36064882 | X14: 0 | Y14: 0.36064882 | Z14: 0.27631196 | AA14: 1 | AB14: 0.42164084 | AE14: 1 | AF14: 0.42164084 | AG14: 0.3775074 | AH14: 0.27029772 | AI14: 0.23722851 | AL14: 0.27631196 | AM14: 1 | AN14: 0.42164084 | AO14: 0.41742635 | AP14: 0 | AS14: 0.20677606 | AT14: 0.40033264 | AU14: 0.88690199 | AV14: 0.62078518 | AW14: 0.34919764 | AZ14: 0.62339485 | BA14: 0.27029772 | BB14: 1 | BC14: 1 | BD14: 0.52525198 | BG14: 0.29327062 | BH14: 0.33592483 | BI14: 1 | BJ14: 0.3775074 | BK14: 0.44243688 | BN14: 0.32578389 | BO14: 1 | BP14: 0.33592483 | BQ14: 0.27631196 | BR14: 1 | BU14: 0.33432835 | BV14: 1 | BW14: 1 | BX14: 1 | BY14: 0.18222316
C15: 0.33432835 | D15: 1 | E15: 1 | F15: 1 | G15: 0.18222316 | J15: 0.49852125 | K15: 0.32578389 | L15: 1 | M15: 0.23722851 | N15: 0.57956458 | Q15: 0.18222316 | R15: 1 | S15: 1 | T15: 1 | U15: 0.33432835 | X15: 0 | Y15: 0.33432835 | Z15: 1 | AA15: 1 | AB15: 1 | AE15: 0.18222316 | AF15: 0.41742635 | AG15: 0.44243688 | AH15: 0.62339485 | AI15: 0.57956458 | AL15: 1 | AM15: 1 | AN15: 1 | AO15: 0.18222316 | AP15: 0 | AS15: 0.16831779 | AT15: 1 | AU15: 1 | AV15: 0.93603055 | AW15: 0.067149824 | AZ15: 0.57956458 | BA15: 0.23722851 | BB15: 1 | BC15: 0.32578389 | BD15: 0.49852125 | BG15: 0.36064882 | BH15: 0.27631196 | BI15: 1 | BJ15: 0.42164084 | BK15: 0.41742635 | BN15: 0.49852125 | BO15: 0.52525198 | BP15: 0.29327062 | BQ15: 0.36064882 | BR15: 0.33432835 | BU15: 0 | BV15: 0 | BW15: 0 | BX15: 0 | BY15: 0
B17: 2 | C17: Original | J17: {=INDEX(Helper!$E$13:$E$22, OFFSET(Helper!$J$13,$B17,J$2))} -> Shift Left | Q17: {=INDEX(Helper!$E$13:$E$22, OFFSET(Helper!$J$13,$B17,Q$2))} -> Noise | X17: {=INDEX(Helper!$E$13:$E$22, OFFSET(Helper!$J$13,$B17,X$2))} -> Shift Up | AE17: {=INDEX(Helper!$E$13:$E$22, OFFSET(Helper!$J$13,$B17,AE$2))} -> Shift Right | AL17: {=INDEX(Helper!$E$13:$E$22, OFFSET(Helper!$J$13,$B17,AL$2))} -> Shift Down | AS17: {=INDEX(Helper!$E$13:$E$22, OFFSET(Helper!$J$13,$B17,AS$2))} -> 180 Rotation | AZ17: {=INDEX(Helper!$E$13:$E$22, OFFSET(Helper!$J$13,$B17,AZ$2))} -> 90 CCW | BG17: {=INDEX(Helper!$E$13:$E$22, OFFSET(Helper!$J$13,$B17,BG$2))} -> Vertical Flip | BN17: {=INDEX(Helper!$E$13:$E$22, OFFSET(Helper!$J$13,$B17,BN$2))} -> Horizontal Flip | BU17: {=INDEX(Helper!$E$13:$E$22, OFFSET(Helper!$J$13,$B17,BU$2))} -> 90 CW
C18: 0.28348784 | D18: 1 | E18: 1 | F18: 1 | G18: 0.23264272 | J18: {=_xlfn.IFS(J17="None", $C18:$G22*0, J17="Horizontal Flip", INDEX($C18:$G22, _xlfn.SEQUENCE(5), 6 - _xlfn.SEQUENCE(1,5)), J17="Vertical Flip", INDEX($C18:$G22, 6 - _xlfn.SEQUENCE(5), _xlfn.SEQUENCE(1,5)), J17="180 Rotation", INDEX($C18:$G22, 6 - _xlfn.SEQUENCE(5), 6 - _xlfn.SEQUENCE(1,5)), J17="90 CW", INDEX($C18:$G22, 6 - _xlfn.SEQUENCE(1,5), _xlfn.SEQUENCE(5)), J17="90 CCW", INDEX($C18:$G22, _xlfn.SEQUENCE(1,5), 6 - _xlfn.SEQUENCE(5)), J17="Shift Up", IF(_xlfn.SEQUENCE(5)+1<=5, INDEX($C18:$G22, _xlfn.SEQUENCE(5)+1, _xlfn.SEQUENCE(1,5)), 0), J17="Shift Down", IF(_xlfn.SEQUENCE(5)-1>=1, INDEX($C18:$G22, _xlfn.SEQUENCE(5)-1, _xlfn.SEQUENCE(1,5)), 0), J17="Shift Left", IF(_xlfn.SEQUENCE(1,5)+1<=5, INDEX($C18:$G22, _xlfn.SEQUENCE(5), _xlfn.SEQUENCE(1,5)+1),0), J17= "Shift Right", IF(_xlfn.SEQUENCE(1,5)-1>=1, INDEX($C18:$G22, _xlfn.SEQUENCE(5), _xlfn.SEQUENCE(1,5)-1), 0), J17="Noise", _xlfn.MAP($C18:$G22 + (_xlfn.RANDARRAY(ROWS($C18:$G22), COLUMNS($C18:$G22)) - 0.5) * 0.4, _xlfn.LAMBDA(_xlpm.x, MAX(0, MIN(1, _xlpm.x)))))} -> 1 | K18: 1 | L18: 1 | M18: 0.23264272 | N18: 0 | Q18: {=_xlfn.IFS(Q17="None", $C18:$G22*0, Q17="Horizontal Flip", INDEX($C18:$G22, _xlfn.SEQUENCE(5), 6 - _xlfn.SEQUENCE(1,5)), Q17="Vertical Flip", INDEX($C18:$G22, 6 - _xlfn.SEQUENCE(5), _xlfn.SEQUENCE(1,5)), Q17="180 Rotation", INDEX($C18:$G22, 6 - _xlfn.SEQUENCE(5), 6 - _xlfn.SEQUENCE(1,5)), Q17="90 CW", INDEX($C18:$G22, 6 - _xlfn.SEQUENCE(1,5), _xlfn.SEQUENCE(5)), Q17="90 CCW", INDEX($C18:$G22, _xlfn.SEQUENCE(1,5), 6 - _xlfn.SEQUENCE(5)), Q17="Shift Up", IF(_xlfn.SEQUENCE(5)+1<=5, INDEX($C18:$G22, _xlfn.SEQUENCE(5)+1, _xlfn.SEQUENCE(1,5)), 0), Q17="Shift Down", IF(_xlfn.SEQUENCE(5)-1>=1, INDEX($C18:$G22, _xlfn.SEQUENCE(5)-1, _xlfn.SEQUENCE(1,5)), 0), Q17="Shift Left", IF(_xlfn.SEQUENCE(1,5)+1<=5, INDEX($C18:$G22, _xlfn.SEQUENCE(5), _xlfn.SEQUENCE(1,5)+1),0), Q17= "Shift Right", IF(_xlfn.SEQUENCE(1,5)-1>=1, INDEX($C18:$G22, _xlfn.SEQUENCE(5), _xlfn.SEQUENCE(1,5)-1), 0), Q17="Noise", _xlfn.MAP($C18:$G22 + (_xlfn.RANDARRAY(ROWS($C18:$G22), COLUMNS($C18:$G22)) - 0.5) * 0.4, _xlfn.LAMBDA(_xlpm.x, MAX(0, MIN(1, _xlpm.x)))))} -> 0.11507927 | R18: 1 | S18: 1 | T18: 1 | U18: 0.11664924 | X18: {=_xlfn.IFS(X17="None", $C18:$G22*0, X17="Horizontal Flip", INDEX($C18:$G22, _xlfn.SEQUENCE(5), 6 - _xlfn.SEQUENCE(1,5)), X17="Vertical Flip", INDEX($C18:$G22, 6 - _xlfn.SEQUENCE(5), _xlfn.SEQUENCE(1,5)), X17="180 Rotation", INDEX($C18:$G22, 6 - _xlfn.SEQUENCE(5), 6 - _xlfn.SEQUENCE(1,5)), X17="90 CW", INDEX($C18:$G22, 6 - _xlfn.SEQUENCE(1,5), _xlfn.SEQUENCE(5)), X17="90 CCW", INDEX($C18:$G22, _xlfn.SEQUENCE(1,5), 6 - _xlfn.SEQUENCE(5)), X17="Shift Up", IF(_xlfn.SEQUENCE(5)+1<=5, INDEX($C18:$G22, _xlfn.SEQUENCE(5)+1, _xlfn.SEQUENCE(1,5)), 0), X17="Shift Down", IF(_xlfn.SEQUENCE(5)-1>=1, INDEX($C18:$G22, _xlfn.SEQUENCE(5)-1, _xlfn.SEQUENCE(1,5)), 0), X17="Shift Left", IF(_xlfn.SEQUENCE(1,5)+1<=5, INDEX($C18:$G22, _xlfn.SEQUENCE(5), _xlfn.SEQUENCE(1,5)+1),0), X17= "Shift Right", IF(_xlfn.SEQUENCE(1,5)-1>=1, INDEX($C18:$G22, _xlfn.SEQUENCE(5), _xlfn.SEQUENCE(1,5)-1), 0), X17="Noise", _xlfn.MAP($C18:$G22 + (_xlfn.RANDARRAY(ROWS($C18:$G22), COLUMNS($C18:$G22)) - 0.5) * 0.4, _xlfn.LAMBDA(_xlpm.x, MAX(0, MIN(1, _xlpm.x)))))} -> 0.46624032 | Y18: 0.62000165 | Z18: 0.34934612 | AA18: 1 | AB18: 0.55681088 | AE18: {=_xlfn.IFS(AE17="None", $C18:$G22*0, AE17="Horizontal Flip", INDEX($C18:$G22, _xlfn.SEQUENCE(5), 6 - _xlfn.SEQUENCE(1,5)), AE17="Vertical Flip", INDEX($C18:$G22, 6 - _xlfn.SEQUENCE(5), _xlfn.SEQUENCE(1,5)), AE17="180 Rotation", INDEX($C18:$G22, 6 - _xlfn.SEQUENCE(5), 6 - _xlfn.SEQUENCE(1,5)), AE17="90 CW", INDEX($C18:$G22, 6 - _xlfn.SEQUENCE(1,5), _xlfn.SEQUENCE(5)), AE17="90 CCW", INDEX($C18:$G22, _xlfn.SEQUENCE(1,5), 6 - _xlfn.SEQUENCE(5)), AE17="Shift Up", IF(_xlfn.SEQUENCE(5)+1<=5, INDEX($C18:$G22, _xlfn.SEQUENCE(5)+1, _xlfn.SEQUENCE(1,5)), 0), AE17="Shift Down", IF(_xlfn.SEQUENCE(5)-1>=1, INDEX($C18:$G22, _xlfn.SEQUENCE(5)-1, _xlfn.SEQUENCE(1,5)), 0), AE17="Shift Left", IF(_xlfn.SEQUENCE(1,5)+1<=5, INDEX($C18:$G22, _xlfn.SEQUENCE(5), _xlfn.SEQUENCE(1,5)+1),0), AE17= "Shift Right", IF(_xlfn.SEQUENCE(1,5)-1>=1, INDEX($C18:$G22, _xlfn.SEQUENCE(5), _xlfn.SEQUENCE(1,5)-1), 0), AE17="Noise", _xlfn.MAP($C18:$G22 + (_xlfn.RANDARRAY(ROWS($C18:$G22), COLUMNS($C18:$G22)) - 0.5) * 0.4, _xlfn.LAMBDA(_xlpm.x, MAX(0, MIN(1, _xlpm.x)))))} -> 0 | AF18: 0.28348784 | AG18: 1 | AH18: 1 | AI18: 1 | AL18: {=_xlfn.IFS(AL17="None", $C18:$G22*0, AL17="Horizontal Flip", INDEX($C18:$G22, _xlfn.SEQUENCE(5), 6 - _xlfn.SEQUENCE(1,5)), AL17="Vertical Flip", INDEX($C18:$G22, 6 - _xlfn.SEQUENCE(5), _xlfn.SEQUENCE(1,5)), AL17="180 Rotation", INDEX($C18:$G22, 6 - _xlfn.SEQUENCE(5), 6 - _xlfn.SEQUENCE(1,5)), AL17="90 CW", INDEX($C18:$G22, 6 - _xlfn.SEQUENCE(1,5), _xlfn.SEQUENCE(5)), AL17="90 CCW", INDEX($C18:$G22, _xlfn.SEQUENCE(1,5), 6 - _xlfn.SEQUENCE(5)), AL17="Shift Up", IF(_xlfn.SEQUENCE(5)+1<=5, INDEX($C18:$G22, _xlfn.SEQUENCE(5)+1, _xlfn.SEQUENCE(1,5)), 0), AL17="Shift Down", IF(_xlfn.SEQUENCE(5)-1>=1, INDEX($C18:$G22, _xlfn.SEQUENCE(5)-1, _xlfn.SEQUENCE(1,5)), 0), AL17="Shift Left", IF(_xlfn.SEQUENCE(1,5)+1<=5, INDEX($C18:$G22, _xlfn.SEQUENCE(5), _xlfn.SEQUENCE(1,5)+1),0), AL17= "Shift Right", IF(_xlfn.SEQUENCE(1,5)-1>=1, INDEX($C18:$G22, _xlfn.SEQUENCE(5), _xlfn.SEQUENCE(1,5)-1), 0), AL17="Noise", _xlfn.MAP($C18:$G22 + (_xlfn.RANDARRAY(ROWS($C18:$G22), COLUMNS($C18:$G22)) - 0.5) * 0.4, _xlfn.LAMBDA(_xlpm.x, MAX(0, MIN(1, _xlpm.x)))))} -> 0 | AM18: 0 | AN18: 0 | AO18: 0 | AP18: 0 | AS18: {=_xlfn.IFS(AS17="None", $C18:$G22*0, AS17="Horizontal Flip", INDEX($C18:$G22, _xlfn.SEQUENCE(5), 6 - _xlfn.SEQUENCE(1,5)), AS17="Vertical Flip", INDEX($C18:$G22, 6 - _xlfn.SEQUENCE(5), _xlfn.SEQUENCE(1,5)), AS17="180 Rotation", INDEX($C18:$G22, 6 - _xlfn.SEQUENCE(5), 6 - _xlfn.SEQUENCE(1,5)), AS17="90 CW", INDEX($C18:$G22, 6 - _xlfn.SEQUENCE(1,5), _xlfn.SEQUENCE(5)), AS17="90 CCW", INDEX($C18:$G22, _xlfn.SEQUENCE(1,5), 6 - _xlfn.SEQUENCE(5)), AS17="Shift Up", IF(_xlfn.SEQUENCE(5)+1<=5, INDEX($C18:$G22, _xlfn.SEQUENCE(5)+1, _xlfn.SEQUENCE(1,5)), 0), AS17="Shift Down", IF(_xlfn.SEQUENCE(5)-1>=1, INDEX($C18:$G22, _xlfn.SEQUENCE(5)-1, _xlfn.SEQUENCE(1,5)), 0), AS17="Shift Left", IF(_xlfn.SEQUENCE(1,5)+1<=5, INDEX($C18:$G22, _xlfn.SEQUENCE(5), _xlfn.SEQUENCE(1,5)+1),0), AS17= "Shift Right", IF(_xlfn.SEQUENCE(1,5)-1>=1, INDEX($C18:$G22, _xlfn.SEQUENCE(5), _xlfn.SEQUENCE(1,5)-1), 0), AS17="Noise", _xlfn.MAP($C18:$G22 + (_xlfn.RANDARRAY(ROWS($C18:$G22), COLUMNS($C18:$G22)) - 0.5) * 0.4, _xlfn.LAMBDA(_xlpm.x, MAX(0, MIN(1, _xlpm.x)))))} -> 0.29482848 | AT18: 1 | AU18: 1 | AV18: 1 | AW18: 0.61985861 | AZ18: {=_xlfn.IFS(AZ17="None", $C18:$G22*0, AZ17="Horizontal Flip", INDEX($C18:$G22, _xlfn.SEQUENCE(5), 6 - _xlfn.SEQUENCE(1,5)), AZ17="Vertical Flip", INDEX($C18:$G22, 6 - _xlfn.SEQUENCE(5), _xlfn.SEQUENCE(1,5)), AZ17="180 Rotation", INDEX($C18:$G22, 6 - _xlfn.SEQUENCE(5), 6 - _xlfn.SEQUENCE(1,5)), AZ17="90 CW", INDEX($C18:$G22, 6 - _xlfn.SEQUENCE(1,5), _xlfn.SEQUENCE(5)), AZ17="90 CCW", INDEX($C18:$G22, _xlfn.SEQUENCE(1,5), 6 - _xlfn.SEQUENCE(5)), AZ17="Shift Up", IF(_xlfn.SEQUENCE(5)+1<=5, INDEX($C18:$G22, _xlfn.SEQUENCE(5)+1, _xlfn.SEQUENCE(1,5)), 0), AZ17="Shift Down", IF(_xlfn.SEQUENCE(5)-1>=1, INDEX($C18:$G22, _xlfn.SEQUENCE(5)-1, _xlfn.SEQUENCE(1,5)), 0), AZ17="Shift Left", IF(_xlfn.SEQUENCE(1,5)+1<=5, INDEX($C18:$G22, _xlfn.SEQUENCE(5), _xlfn.SEQUENCE(1,5)+1),0), AZ17= "Shift Right", IF(_xlfn.SEQUENCE(1,5)-1>=1, INDEX($C18:$G22, _xlfn.SEQUENCE(5), _xlfn.SEQUENCE(1,5)-1), 0), AZ17="Noise", _xlfn.MAP($C18:$G22 + (_xlfn.RANDARRAY(ROWS($C18:$G22), COLUMNS($C18:$G22)) - 0.5) * 0.4, _xlfn.LAMBDA(_xlpm.x, MAX(0, MIN(1, _xlpm.x)))))} -> 0.23264272 | BA18: 0.55681088 | BB18: 0.31557817 | BC18: 0.23950235 | BD18: 0.29482848 | BG18: {=_xlfn.IFS(BG17="None", $C18:$G22*0, BG17="Horizontal Flip", INDEX($C18:$G22, _xlfn.SEQUENCE(5), 6 - _xlfn.SEQUENCE(1,5)), BG17="Vertical Flip", INDEX($C18:$G22, 6 - _xlfn.SEQUENCE(5), _xlfn.SEQUENCE(1,5)), BG17="180 Rotation", INDEX($C18:$G22, 6 - _xlfn.SEQUENCE(5), 6 - _xlfn.SEQUENCE(1,5)), BG17="90 CW", INDEX($C18:$G22, 6 - _xlfn.SEQUENCE(1,5), _xlfn.SEQUENCE(5)), BG17="90 CCW", INDEX($C18:$G22, _xlfn.SEQUENCE(1,5), 6 - _xlfn.SEQUENCE(5)), BG17="Shift Up", IF(_xlfn.SEQUENCE(5)+1<=5, INDEX($C18:$G22, _xlfn.SEQUENCE(5)+1, _xlfn.SEQUENCE(1,5)), 0), BG17="Shift Down", IF(_xlfn.SEQUENCE(5)-1>=1, INDEX($C18:$G22, _xlfn.SEQUENCE(5)-1, _xlfn.SEQUENCE(1,5)), 0), BG17="Shift Left", IF(_xlfn.SEQUENCE(1,5)+1<=5, INDEX($C18:$G22, _xlfn.SEQUENCE(5), _xlfn.SEQUENCE(1,5)+1),0), BG17= "Shift Right", IF(_xlfn.SEQUENCE(1,5)-1>=1, INDEX($C18:$G22, _xlfn.SEQUENCE(5), _xlfn.SEQUENCE(1,5)-1), 0), BG17="Noise", _xlfn.MAP($C18:$G22 + (_xlfn.RANDARRAY(ROWS($C18:$G22), COLUMNS($C18:$G22)) - 0.5) * 0.4, _xlfn.LAMBDA(_xlpm.x, MAX(0, MIN(1, _xlpm.x)))))} -> 0.61985861 | BH18: 1 | BI18: 1 | BJ18: 1 | BK18: 0.29482848 | BN18: {=_xlfn.IFS(BN17="None", $C18:$G22*0, BN17="Horizontal Flip", INDEX($C18:$G22, _xlfn.SEQUENCE(5), 6 - _xlfn.SEQUENCE(1,5)), BN17="Vertical Flip", INDEX($C18:$G22, 6 - _xlfn.SEQUENCE(5), _xlfn.SEQUENCE(1,5)), BN17="180 Rotation", INDEX($C18:$G22, 6 - _xlfn.SEQUENCE(5), 6 - _xlfn.SEQUENCE(1,5)), BN17="90 CW", INDEX($C18:$G22, 6 - _xlfn.SEQUENCE(1,5), _xlfn.SEQUENCE(5)), BN17="90 CCW", INDEX($C18:$G22, _xlfn.SEQUENCE(1,5), 6 - _xlfn.SEQUENCE(5)), BN17="Shift Up", IF(_xlfn.SEQUENCE(5)+1<=5, INDEX($C18:$G22, _xlfn.SEQUENCE(5)+1, _xlfn.SEQUENCE(1,5)), 0), BN17="Shift Down", IF(_xlfn.SEQUENCE(5)-1>=1, INDEX($C18:$G22, _xlfn.SEQUENCE(5)-1, _xlfn.SEQUENCE(1,5)), 0), BN17="Shift Left", IF(_xlfn.SEQUENCE(1,5)+1<=5, INDEX($C18:$G22, _xlfn.SEQUENCE(5), _xlfn.SEQUENCE(1,5)+1),0), BN17= "Shift Right", IF(_xlfn.SEQUENCE(1,5)-1>=1, INDEX($C18:$G22, _xlfn.SEQUENCE(5), _xlfn.SEQUENCE(1,5)-1), 0), BN17="Noise", _xlfn.MAP($C18:$G22 + (_xlfn.RANDARRAY(ROWS($C18:$G22), COLUMNS($C18:$G22)) - 0.5) * 0.4, _xlfn.LAMBDA(_xlpm.x, MAX(0, MIN(1, _xlpm.x)))))} -> 0.23264272 | BO18: 1 | BP18: 1 | BQ18: 1 | BR18: 0.28348784 | BU18: {=_xlfn.IFS(BU17="None", $C18:$G22*0, BU17="Horizontal Flip", INDEX($C18:$G22, _xlfn.SEQUENCE(5), 6 - _xlfn.SEQUENCE(1,5)), BU17="Vertical Flip", INDEX($C18:$G22, 6 - _xlfn.SEQUENCE(5), _xlfn.SEQUENCE(1,5)), BU17="180 Rotation", INDEX($C18:$G22, 6 - _xlfn.SEQUENCE(5), 6 - _xlfn.SEQUENCE(1,5)), BU17="90 CW", INDEX($C18:$G22, 6 - _xlfn.SEQUENCE(1,5), _xlfn.SEQUENCE(5)), BU17="90 CCW", INDEX($C18:$G22, _xlfn.SEQUENCE(1,5), 6 - _xlfn.SEQUENCE(5)), BU17="Shift Up", IF(_xlfn.SEQUENCE(5)+1<=5, INDEX($C18:$G22, _xlfn.SEQUENCE(5)+1, _xlfn.SEQUENCE(1,5)), 0), BU17="Shift Down", IF(_xlfn.SEQUENCE(5)-1>=1, INDEX($C18:$G22, _xlfn.SEQUENCE(5)-1, _xlfn.SEQUENCE(1,5)), 0), BU17="Shift Left", IF(_xlfn.SEQUENCE(1,5)+1<=5, INDEX($C18:$G22, _xlfn.SEQUENCE(5), _xlfn.SEQUENCE(1,5)+1),0), BU17= "Shift Right", IF(_xlfn.SEQUENCE(1,5)-1>=1, INDEX($C18:$G22, _xlfn.SEQUENCE(5), _xlfn.SEQUENCE(1,5)-1), 0), BU17="Noise", _xlfn.MAP($C18:$G22 + (_xlfn.RANDARRAY(ROWS($C18:$G22), COLUMNS($C18:$G22)) - 0.5) * 0.4, _xlfn.LAMBDA(_xlpm.x, MAX(0, MIN(1, _xlpm.x)))))} -> 0.61985861 | BV18: 0.19748848 | BW18: 0.1646772 | BX18: 0.46624032 | BY18: 0.28348784
C19: 0.46624032 | D19: 0.62000165 | E19: 0.34934612 | F19: 1 | G19: 0.55681088 | J19: 0.62000165 | K19: 0.34934612 | L19: 1 | M19: 0.55681088 | N19: 0 | Q19: 0.46006605 | R19: 0.77970095 | S19: 0.47328509 | T19: 0.83291812 | U19: 0.56336185 | X19: 0.1646772 | Y19: 1 | Z19: 1 | AA19: 1 | AB19: 0.31557817 | AE19: 0 | AF19: 0.46624032 | AG19: 0.62000165 | AH19: 0.34934612 | AI19: 1 | AL19: 0.28348784 | AM19: 1 | AN19: 1 | AO19: 1 | AP19: 0.23264272 | AS19: 0.23950235 | AT19: 0.19801098 | AU19: 0.28987371 | AV19: 1 | AW19: 0.19748848 | AZ19: 1 | BA19: 1 | BB19: 1 | BC19: 0.19801098 | BD19: 1 | BG19: 0.19748848 | BH19: 1 | BI19: 0.28987371 | BJ19: 0.19801098 | BK19: 0.23950235 | BN19: 0.55681088 | BO19: 1 | BP19: 0.34934612 | BQ19: 0.62000165 | BR19: 0.46624032 | BU19: 1 | BV19: 1 | BW19: 1 | BX19: 0.62000165 | BY19: 1
C20: 0.1646772 | D20: 1 | E20: 1 | F20: 1 | G20: 0.31557817 | J20: 1 | K20: 1 | L20: 1 | M20: 0.31557817 | N20: 0 | Q20: 0.31405441 | R20: 1 | S20: 1 | T20: 0.80491225 | U20: 0.44626309 | X20: 0.19748848 | Y20: 1 | Z20: 0.28987371 | AA20: 0.19801098 | AB20: 0.23950235 | AE20: 0 | AF20: 0.1646772 | AG20: 1 | AH20: 1 | AI20: 1 | AL20: 0.46624032 | AM20: 0.62000165 | AN20: 0.34934612 | AO20: 1 | AP20: 0.55681088 | AS20: 0.31557817 | AT20: 1 | AU20: 1 | AV20: 1 | AW20: 0.1646772 | AZ20: 1 | BA20: 0.34934612 | BB20: 1 | BC20: 0.28987371 | BD20: 1 | BG20: 0.1646772 | BH20: 1 | BI20: 1 | BJ20: 1 | BK20: 0.31557817 | BN20: 0.31557817 | BO20: 1 | BP20: 1 | BQ20: 1 | BR20: 0.1646772 | BU20: 1 | BV20: 0.28987371 | BW20: 1 | BX20: 0.34934612 | BY20: 1
C21: 0.19748848 | D21: 1 | E21: 0.28987371 | F21: 0.19801098 | G21: 0.23950235 | J21: 1 | K21: 0.28987371 | L21: 0.19801098 | M21: 0.23950235 | N21: 0 | Q21: 0.38894204 | R21: 1 | S21: 0.34658071 | T21: 0.19830158 | U21: 0.043887983 | X21: 0.61985861 | Y21: 1 | Z21: 1 | AA21: 1 | AB21: 0.29482848 | AE21: 0 | AF21: 0.19748848 | AG21: 1 | AH21: 0.28987371 | AI21: 0.19801098 | AL21: 0.1646772 | AM21: 1 | AN21: 1 | AO21: 1 | AP21: 0.31557817 | AS21: 0.55681088 | AT21: 1 | AU21: 0.34934612 | AV21: 0.62000165 | AW21: 0.46624032 | AZ21: 1 | BA21: 0.62000165 | BB21: 1 | BC21: 1 | BD21: 1 | BG21: 0.46624032 | BH21: 0.62000165 | BI21: 0.34934612 | BJ21: 1 | BK21: 0.55681088 | BN21: 0.23950235 | BO21: 0.19801098 | BP21: 0.28987371 | BQ21: 1 | BR21: 0.19748848 | BU21: 1 | BV21: 0.19801098 | BW21: 1 | BX21: 1 | BY21: 1
C22: 0.61985861 | D22: 1 | E22: 1 | F22: 1 | G22: 0.29482848 | J22: 1 | K22: 1 | L22: 1 | M22: 0.29482848 | N22: 0 | Q22: 0.76326701 | R22: 0.93536606 | S22: 0.97316374 | T22: 1 | U22: 0.42673106 | X22: 0 | Y22: 0 | Z22: 0 | AA22: 0 | AB22: 0 | AE22: 0 | AF22: 0.61985861 | AG22: 1 | AH22: 1 | AI22: 1 | AL22: 0.19748848 | AM22: 1 | AN22: 0.28987371 | AO22: 0.19801098 | AP22: 0.23950235 | AS22: 0.23264272 | AT22: 1 | AU22: 1 | AV22: 1 | AW22: 0.28348784 | AZ22: 0.28348784 | BA22: 0.46624032 | BB22: 0.1646772 | BC22: 0.19748848 | BD22: 0.61985861 | BG22: 0.28348784 | BH22: 1 | BI22: 1 | BJ22: 1 | BK22: 0.23264272 | BN22: 0.29482848 | BO22: 1 | BP22: 1 | BQ22: 1 | BR22: 0.61985861 | BU22: 0.29482848 | BV22: 0.23950235 | BW22: 0.31557817 | BX22: 0.55681088 | BY22: 0.23264272
B24: 3 | C24: Original | J24: {=INDEX(Helper!$E$13:$E$22, OFFSET(Helper!$J$13,$B24,J$2))} -> Shift Up | Q24: {=INDEX(Helper!$E$13:$E$22, OFFSET(Helper!$J$13,$B24,Q$2))} -> Vertical Flip | X24: {=INDEX(Helper!$E$13:$E$22, OFFSET(Helper!$J$13,$B24,X$2))} -> 180 Rotation | AE24: {=INDEX(Helper!$E$13:$E$22, OFFSET(Helper!$J$13,$B24,AE$2))} -> Horizontal Flip | AL24: {=INDEX(Helper!$E$13:$E$22, OFFSET(Helper!$J$13,$B24,AL$2))} -> 90 CCW | AS24: {=INDEX(Helper!$E$13:$E$22, OFFSET(Helper!$J$13,$B24,AS$2))} -> Shift Down | AZ24: {=INDEX(Helper!$E$13:$E$22, OFFSET(Helper!$J$13,$B24,AZ$2))} -> Shift Right | BG24: {=INDEX(Helper!$E$13:$E$22, OFFSET(Helper!$J$13,$B24,BG$2))} -> Shift Left | BN24: {=INDEX(Helper!$E$13:$E$22, OFFSET(Helper!$J$13,$B24,BN$2))} -> Noise | BU24: {=INDEX(Helper!$E$13:$E$22, OFFSET(Helper!$J$13,$B24,BU$2))} -> 90 CW
C25: 0.45498379 | D25: 1 | E25: 1 | F25: 1 | G25: 0.2291328 | J25: {=_xlfn.IFS(J24="None", $C25:$G29*0, J24="Horizontal Flip", INDEX($C25:$G29, _xlfn.SEQUENCE(5), 6 - _xlfn.SEQUENCE(1,5)), J24="Vertical Flip", INDEX($C25:$G29, 6 - _xlfn.SEQUENCE(5), _xlfn.SEQUENCE(1,5)), J24="180 Rotation", INDEX($C25:$G29, 6 - _xlfn.SEQUENCE(5), 6 - _xlfn.SEQUENCE(1,5)), J24="90 CW", INDEX($C25:$G29, 6 - _xlfn.SEQUENCE(1,5), _xlfn.SEQUENCE(5)), J24="90 CCW", INDEX($C25:$G29, _xlfn.SEQUENCE(1,5), 6 - _xlfn.SEQUENCE(5)), J24="Shift Up", IF(_xlfn.SEQUENCE(5)+1<=5, INDEX($C25:$G29, _xlfn.SEQUENCE(5)+1, _xlfn.SEQUENCE(1,5)), 0), J24="Shift Down", IF(_xlfn.SEQUENCE(5)-1>=1, INDEX($C25:$G29, _xlfn.SEQUENCE(5)-1, _xlfn.SEQUENCE(1,5)), 0), J24="Shift Left", IF(_xlfn.SEQUENCE(1,5)+1<=5, INDEX($C25:$G29, _xlfn.SEQUENCE(5), _xlfn.SEQUENCE(1,5)+1),0), J24= "Shift Right", IF(_xlfn.SEQUENCE(1,5)-1>=1, INDEX($C25:$G29, _xlfn.SEQUENCE(5), _xlfn.SEQUENCE(1,5)-1), 0), J24="Noise", _xlfn.MAP($C25:$G29 + (_xlfn.RANDARRAY(ROWS($C25:$G29), COLUMNS($C25:$G29)) - 0.5) * 0.4, _xlfn.LAMBDA(_xlpm.x, MAX(0, MIN(1, _xlpm.x)))))} -> 0.5769979 | K25: 0.38322233 | L25: 0.15720976 | M25: 1 | N25: 0.30909224 | Q25: {=_xlfn.IFS(Q24="None", $C25:$G29*0, Q24="Horizontal Flip", INDEX($C25:$G29, _xlfn.SEQUENCE(5), 6 - _xlfn.SEQUENCE(1,5)), Q24="Vertical Flip", INDEX($C25:$G29, 6 - _xlfn.SEQUENCE(5), _xlfn.SEQUENCE(1,5)), Q24="180 Rotation", INDEX($C25:$G29, 6 - _xlfn.SEQUENCE(5), 6 - _xlfn.SEQUENCE(1,5)), Q24="90 CW", INDEX($C25:$G29, 6 - _xlfn.SEQUENCE(1,5), _xlfn.SEQUENCE(5)), Q24="90 CCW", INDEX($C25:$G29, _xlfn.SEQUENCE(1,5), 6 - _xlfn.SEQUENCE(5)), Q24="Shift Up", IF(_xlfn.SEQUENCE(5)+1<=5, INDEX($C25:$G29, _xlfn.SEQUENCE(5)+1, _xlfn.SEQUENCE(1,5)), 0), Q24="Shift Down", IF(_xlfn.SEQUENCE(5)-1>=1, INDEX($C25:$G29, _xlfn.SEQUENCE(5)-1, _xlfn.SEQUENCE(1,5)), 0), Q24="Shift Left", IF(_xlfn.SEQUENCE(1,5)+1<=5, INDEX($C25:$G29, _xlfn.SEQUENCE(5), _xlfn.SEQUENCE(1,5)+1),0), Q24= "Shift Right", IF(_xlfn.SEQUENCE(1,5)-1>=1, INDEX($C25:$G29, _xlfn.SEQUENCE(5), _xlfn.SEQUENCE(1,5)-1), 0), Q24="Noise", _xlfn.MAP($C25:$G29 + (_xlfn.RANDARRAY(ROWS($C25:$G29), COLUMNS($C25:$G29)) - 0.5) * 0.4, _xlfn.LAMBDA(_xlpm.x, MAX(0, MIN(1, _xlpm.x)))))} -> 0.47361589 | R25: 1 | S25: 1 | T25: 1 | U25: 0.31808908 | X25: {=_xlfn.IFS(X24="None", $C25:$G29*0, X24="Horizontal Flip", INDEX($C25:$G29, _xlfn.SEQUENCE(5), 6 - _xlfn.SEQUENCE(1,5)), X24="Vertical Flip", INDEX($C25:$G29, 6 - _xlfn.SEQUENCE(5), _xlfn.SEQUENCE(1,5)), X24="180 Rotation", INDEX($C25:$G29, 6 - _xlfn.SEQUENCE(5), 6 - _xlfn.SEQUENCE(1,5)), X24="90 CW", INDEX($C25:$G29, 6 - _xlfn.SEQUENCE(1,5), _xlfn.SEQUENCE(5)), X24="90 CCW", INDEX($C25:$G29, _xlfn.SEQUENCE(1,5), 6 - _xlfn.SEQUENCE(5)), X24="Shift Up", IF(_xlfn.SEQUENCE(5)+1<=5, INDEX($C25:$G29, _xlfn.SEQUENCE(5)+1, _xlfn.SEQUENCE(1,5)), 0), X24="Shift Down", IF(_xlfn.SEQUENCE(5)-1>=1, INDEX($C25:$G29, _xlfn.SEQUENCE(5)-1, _xlfn.SEQUENCE(1,5)), 0), X24="Shift Left", IF(_xlfn.SEQUENCE(1,5)+1<=5, INDEX($C25:$G29, _xlfn.SEQUENCE(5), _xlfn.SEQUENCE(1,5)+1),0), X24= "Shift Right", IF(_xlfn.SEQUENCE(1,5)-1>=1, INDEX($C25:$G29, _xlfn.SEQUENCE(5), _xlfn.SEQUENCE(1,5)-1), 0), X24="Noise", _xlfn.MAP($C25:$G29 + (_xlfn.RANDARRAY(ROWS($C25:$G29), COLUMNS($C25:$G29)) - 0.5) * 0.4, _xlfn.LAMBDA(_xlpm.x, MAX(0, MIN(1, _xlpm.x)))))} -> 0.31808908 | Y25: 1 | Z25: 1 | AA25: 1 | AB25: 0.47361589 | AE25: {=_xlfn.IFS(AE24="None", $C25:$G29*0, AE24="Horizontal Flip", INDEX($C25:$G29, _xlfn.SEQUENCE(5), 6 - _xlfn.SEQUENCE(1,5)), AE24="Vertical Flip", INDEX($C25:$G29, 6 - _xlfn.SEQUENCE(5), _xlfn.SEQUENCE(1,5)), AE24="180 Rotation", INDEX($C25:$G29, 6 - _xlfn.SEQUENCE(5), 6 - _xlfn.SEQUENCE(1,5)), AE24="90 CW", INDEX($C25:$G29, 6 - _xlfn.SEQUENCE(1,5), _xlfn.SEQUENCE(5)), AE24="90 CCW", INDEX($C25:$G29, _xlfn.SEQUENCE(1,5), 6 - _xlfn.SEQUENCE(5)), AE24="Shift Up", IF(_xlfn.SEQUENCE(5)+1<=5, INDEX($C25:$G29, _xlfn.SEQUENCE(5)+1, _xlfn.SEQUENCE(1,5)), 0), AE24="Shift Down", IF(_xlfn.SEQUENCE(5)-1>=1, INDEX($C25:$G29, _xlfn.SEQUENCE(5)-1, _xlfn.SEQUENCE(1,5)), 0), AE24="Shift Left", IF(_xlfn.SEQUENCE(1,5)+1<=5, INDEX($C25:$G29, _xlfn.SEQUENCE(5), _xlfn.SEQUENCE(1,5)+1),0), AE24= "Shift Right", IF(_xlfn.SEQUENCE(1,5)-1>=1, INDEX($C25:$G29, _xlfn.SEQUENCE(5), _xlfn.SEQUENCE(1,5)-1), 0), AE24="Noise", _xlfn.MAP($C25:$G29 + (_xlfn.RANDARRAY(ROWS($C25:$G29), COLUMNS($C25:$G29)) - 0.5) * 0.4, _xlfn.LAMBDA(_xlpm.x, MAX(0, MIN(1, _xlpm.x)))))} -> 0.2291328 | AF25: 1 | AG25: 1 | AH25: 1 | AI25: 0.45498379 | AL25: {=_xlfn.IFS(AL24="None", $C25:$G29*0, AL24="Horizontal Flip", INDEX($C25:$G29, _xlfn.SEQUENCE(5), 6 - _xlfn.SEQUENCE(1,5)), AL24="Vertical Flip", INDEX($C25:$G29, 6 - _xlfn.SEQUENCE(5), _xlfn.SEQUENCE(1,5)), AL24="180 Rotation", INDEX($C25:$G29, 6 - _xlfn.SEQUENCE(5), 6 - _xlfn.SEQUENCE(1,5)), AL24="90 CW", INDEX($C25:$G29, 6 - _xlfn.SEQUENCE(1,5), _xlfn.SEQUENCE(5)), AL24="90 CCW", INDEX($C25:$G29, _xlfn.SEQUENCE(1,5), 6 - _xlfn.SEQUENCE(5)), AL24="Shift Up", IF(_xlfn.SEQUENCE(5)+1<=5, INDEX($C25:$G29, _xlfn.SEQUENCE(5)+1, _xlfn.SEQUENCE(1,5)), 0), AL24="Shift Down", IF(_xlfn.SEQUENCE(5)-1>=1, INDEX($C25:$G29, _xlfn.SEQUENCE(5)-1, _xlfn.SEQUENCE(1,5)), 0), AL24="Shift Left", IF(_xlfn.SEQUENCE(1,5)+1<=5, INDEX($C25:$G29, _xlfn.SEQUENCE(5), _xlfn.SEQUENCE(1,5)+1),0), AL24= "Shift Right", IF(_xlfn.SEQUENCE(1,5)-1>=1, INDEX($C25:$G29, _xlfn.SEQUENCE(5), _xlfn.SEQUENCE(1,5)-1), 0), AL24="Noise", _xlfn.MAP($C25:$G29 + (_xlfn.RANDARRAY(ROWS($C25:$G29), COLUMNS($C25:$G29)) - 0.5) * 0.4, _xlfn.LAMBDA(_xlpm.x, MAX(0, MIN(1, _xlpm.x)))))} -> 0.2291328 | AM25: 0.30909224 | AN25: 0.45743299 | AO25: 0.57160394 | AP25: 0.31808908 | AS25: {=_xlfn.IFS(AS24="None", $C25:$G29*0, AS24="Horizontal Flip", INDEX($C25:$G29, _xlfn.SEQUENCE(5), 6 - _xlfn.SEQUENCE(1,5)), AS24="Vertical Flip", INDEX($C25:$G29, 6 - _xlfn.SEQUENCE(5), _xlfn.SEQUENCE(1,5)), AS24="180 Rotation", INDEX($C25:$G29, 6 - _xlfn.SEQUENCE(5), 6 - _xlfn.SEQUENCE(1,5)), AS24="90 CW", INDEX($C25:$G29, 6 - _xlfn.SEQUENCE(1,5), _xlfn.SEQUENCE(5)), AS24="90 CCW", INDEX($C25:$G29, _xlfn.SEQUENCE(1,5), 6 - _xlfn.SEQUENCE(5)), AS24="Shift Up", IF(_xlfn.SEQUENCE(5)+1<=5, INDEX($C25:$G29, _xlfn.SEQUENCE(5)+1, _xlfn.SEQUENCE(1,5)), 0), AS24="Shift Down", IF(_xlfn.SEQUENCE(5)-1>=1, INDEX($C25:$G29, _xlfn.SEQUENCE(5)-1, _xlfn.SEQUENCE(1,5)), 0), AS24="Shift Left", IF(_xlfn.SEQUENCE(1,5)+1<=5, INDEX($C25:$G29, _xlfn.SEQUENCE(5), _xlfn.SEQUENCE(1,5)+1),0), AS24= "Shift Right", IF(_xlfn.SEQUENCE(1,5)-1>=1, INDEX($C25:$G29, _xlfn.SEQUENCE(5), _xlfn.SEQUENCE(1,5)-1), 0), AS24="Noise", _xlfn.MAP($C25:$G29 + (_xlfn.RANDARRAY(ROWS($C25:$G29), COLUMNS($C25:$G29)) - 0.5) * 0.4, _xlfn.LAMBDA(_xlpm.x, MAX(0, MIN(1, _xlpm.x)))))} -> 0 | AT25: 0 | AU25: 0 | AV25: 0 | AW25: 0 | AZ25: {=_xlfn.IFS(AZ24="None", $C25:$G29*0, AZ24="Horizontal Flip", INDEX($C25:$G29, _xlfn.SEQUENCE(5), 6 - _xlfn.SEQUENCE(1,5)), AZ24="Vertical Flip", INDEX($C25:$G29, 6 - _xlfn.SEQUENCE(5), _xlfn.SEQUENCE(1,5)), AZ24="180 Rotation", INDEX($C25:$G29, 6 - _xlfn.SEQUENCE(5), 6 - _xlfn.SEQUENCE(1,5)), AZ24="90 CW", INDEX($C25:$G29, 6 - _xlfn.SEQUENCE(1,5), _xlfn.SEQUENCE(5)), AZ24="90 CCW", INDEX($C25:$G29, _xlfn.SEQUENCE(1,5), 6 - _xlfn.SEQUENCE(5)), AZ24="Shift Up", IF(_xlfn.SEQUENCE(5)+1<=5, INDEX($C25:$G29, _xlfn.SEQUENCE(5)+1, _xlfn.SEQUENCE(1,5)), 0), AZ24="Shift Down", IF(_xlfn.SEQUENCE(5)-1>=1, INDEX($C25:$G29, _xlfn.SEQUENCE(5)-1, _xlfn.SEQUENCE(1,5)), 0), AZ24="Shift Left", IF(_xlfn.SEQUENCE(1,5)+1<=5, INDEX($C25:$G29, _xlfn.SEQUENCE(5), _xlfn.SEQUENCE(1,5)+1),0), AZ24= "Shift Right", IF(_xlfn.SEQUENCE(1,5)-1>=1, INDEX($C25:$G29, _xlfn.SEQUENCE(5), _xlfn.SEQUENCE(1,5)-1), 0), AZ24="Noise", _xlfn.MAP($C25:$G29 + (_xlfn.RANDARRAY(ROWS($C25:$G29), COLUMNS($C25:$G29)) - 0.5) * 0.4, _xlfn.LAMBDA(_xlpm.x, MAX(0, MIN(1, _xlpm.x)))))} -> 0 | BA25: 0.45498379 | BB25: 1 | BC25: 1 | BD25: 1 | BG25: {=_xlfn.IFS(BG24="None", $C25:$G29*0, BG24="Horizontal Flip", INDEX($C25:$G29, _xlfn.SEQUENCE(5), 6 - _xlfn.SEQUENCE(1,5)), BG24="Vertical Flip", INDEX($C25:$G29, 6 - _xlfn.SEQUENCE(5), _xlfn.SEQUENCE(1,5)), BG24="180 Rotation", INDEX($C25:$G29, 6 - _xlfn.SEQUENCE(5), 6 - _xlfn.SEQUENCE(1,5)), BG24="90 CW", INDEX($C25:$G29, 6 - _xlfn.SEQUENCE(1,5), _xlfn.SEQUENCE(5)), BG24="90 CCW", INDEX($C25:$G29, _xlfn.SEQUENCE(1,5), 6 - _xlfn.SEQUENCE(5)), BG24="Shift Up", IF(_xlfn.SEQUENCE(5)+1<=5, INDEX($C25:$G29, _xlfn.SEQUENCE(5)+1, _xlfn.SEQUENCE(1,5)), 0), BG24="Shift Down", IF(_xlfn.SEQUENCE(5)-1>=1, INDEX($C25:$G29, _xlfn.SEQUENCE(5)-1, _xlfn.SEQUENCE(1,5)), 0), BG24="Shift Left", IF(_xlfn.SEQUENCE(1,5)+1<=5, INDEX($C25:$G29, _xlfn.SEQUENCE(5), _xlfn.SEQUENCE(1,5)+1),0), BG24= "Shift Right", IF(_xlfn.SEQUENCE(1,5)-1>=1, INDEX($C25:$G29, _xlfn.SEQUENCE(5), _xlfn.SEQUENCE(1,5)-1), 0), BG24="Noise", _xlfn.MAP($C25:$G29 + (_xlfn.RANDARRAY(ROWS($C25:$G29), COLUMNS($C25:$G29)) - 0.5) * 0.4, _xlfn.LAMBDA(_xlpm.x, MAX(0, MIN(1, _xlpm.x)))))} -> 1 | BH25: 1 | BI25: 1 | BJ25: 0.2291328 | BK25: 0 | BN25: {=_xlfn.IFS(BN24="None", $C25:$G29*0, BN24="Horizontal Flip", INDEX($C25:$G29, _xlfn.SEQUENCE(5), 6 - _xlfn.SEQUENCE(1,5)), BN24="Vertical Flip", INDEX($C25:$G29, 6 - _xlfn.SEQUENCE(5), _xlfn.SEQUENCE(1,5)), BN24="180 Rotation", INDEX($C25:$G29, 6 - _xlfn.SEQUENCE(5), 6 - _xlfn.SEQUENCE(1,5)), BN24="90 CW", INDEX($C25:$G29, 6 - _xlfn.SEQUENCE(1,5), _xlfn.SEQUENCE(5)), BN24="90 CCW", INDEX($C25:$G29, _xlfn.SEQUENCE(1,5), 6 - _xlfn.SEQUENCE(5)), BN24="Shift Up", IF(_xlfn.SEQUENCE(5)+1<=5, INDEX($C25:$G29, _xlfn.SEQUENCE(5)+1, _xlfn.SEQUENCE(1,5)), 0), BN24="Shift Down", IF(_xlfn.SEQUENCE(5)-1>=1, INDEX($C25:$G29, _xlfn.SEQUENCE(5)-1, _xlfn.SEQUENCE(1,5)), 0), BN24="Shift Left", IF(_xlfn.SEQUENCE(1,5)+1<=5, INDEX($C25:$G29, _xlfn.SEQUENCE(5), _xlfn.SEQUENCE(1,5)+1),0), BN24= "Shift Right", IF(_xlfn.SEQUENCE(1,5)-1>=1, INDEX($C25:$G29, _xlfn.SEQUENCE(5), _xlfn.SEQUENCE(1,5)-1), 0), BN24="Noise", _xlfn.MAP($C25:$G29 + (_xlfn.RANDARRAY(ROWS($C25:$G29), COLUMNS($C25:$G29)) - 0.5) * 0.4, _xlfn.LAMBDA(_xlpm.x, MAX(0, MIN(1, _xlpm.x)))))} -> 0.38298016 | BO25: 0.81418053 | BP25: 1 | BQ25: 1 | BR25: 0.23211242 | BU25: {=_xlfn.IFS(BU24="None", $C25:$G29*0, BU24="Horizontal Flip", INDEX($C25:$G29, _xlfn.SEQUENCE(5), 6 - _xlfn.SEQUENCE(1,5)), BU24="Vertical Flip", INDEX($C25:$G29, 6 - _xlfn.SEQUENCE(5), _xlfn.SEQUENCE(1,5)), BU24="180 Rotation", INDEX($C25:$G29, 6 - _xlfn.SEQUENCE(5), 6 - _xlfn.SEQUENCE(1,5)), BU24="90 CW", INDEX($C25:$G29, 6 - _xlfn.SEQUENCE(1,5), _xlfn.SEQUENCE(5)), BU24="90 CCW", INDEX($C25:$G29, _xlfn.SEQUENCE(1,5), 6 - _xlfn.SEQUENCE(5)), BU24="Shift Up", IF(_xlfn.SEQUENCE(5)+1<=5, INDEX($C25:$G29, _xlfn.SEQUENCE(5)+1, _xlfn.SEQUENCE(1,5)), 0), BU24="Shift Down", IF(_xlfn.SEQUENCE(5)-1>=1, INDEX($C25:$G29, _xlfn.SEQUENCE(5)-1, _xlfn.SEQUENCE(1,5)), 0), BU24="Shift Left", IF(_xlfn.SEQUENCE(1,5)+1<=5, INDEX($C25:$G29, _xlfn.SEQUENCE(5), _xlfn.SEQUENCE(1,5)+1),0), BU24= "Shift Right", IF(_xlfn.SEQUENCE(1,5)-1>=1, INDEX($C25:$G29, _xlfn.SEQUENCE(5), _xlfn.SEQUENCE(1,5)-1), 0), BU24="Noise", _xlfn.MAP($C25:$G29 + (_xlfn.RANDARRAY(ROWS($C25:$G29), COLUMNS($C25:$G29)) - 0.5) * 0.4, _xlfn.LAMBDA(_xlpm.x, MAX(0, MIN(1, _xlpm.x)))))} -> 0.47361589 | BV25: 0.24288144 | BW25: 0.41181979 | BX25: 0.5769979 | BY25: 0.45498379
C26: 0.5769979 | D26: 0.38322233 | E26: 0.15720976 | F26: 1 | G26: 0.30909224 | J26: 0.41181979 | K26: 1 | L26: 1 | M26: 1 | N26: 0.45743299 | Q26: 0.24288144 | R26: 0.43554736 | S26: 0.17145441 | T26: 1 | U26: 0.57160394 | X26: 0.57160394 | Y26: 1 | Z26: 0.17145441 | AA26: 0.43554736 | AB26: 0.24288144 | AE26: 0.30909224 | AF26: 1 | AG26: 0.15720976 | AH26: 0.38322233 | AI26: 0.5769979 | AL26: 1 | AM26: 1 | AN26: 1 | AO26: 1 | AP26: 1 | AS26: 0.45498379 | AT26: 1 | AU26: 1 | AV26: 1 | AW26: 0.2291328 | AZ26: 0 | BA26: 0.5769979 | BB26: 0.38322233 | BC26: 0.15720976 | BD26: 1 | BG26: 0.38322233 | BH26: 0.15720976 | BI26: 1 | BJ26: 0.30909224 | BK26: 0 | BN26: 0.49375778 | BO26: 0.35914579 | BP26: 0.097925834 | BQ26: 0.95137022 | BR26: 0.29595643 | BU26: 1 | BV26: 0.43554736 | BW26: 1 | BX26: 0.38322233 | BY26: 1
C27: 0.41181979 | D27: 1 | E27: 1 | F27: 1 | G27: 0.45743299 | J27: 0.24288144 | K27: 0.43554736 | L27: 0.17145441 | M27: 1 | N27: 0.57160394 | Q27: 0.41181979 | R27: 1 | S27: 1 | T27: 1 | U27: 0.45743299 | X27: 0.45743299 | Y27: 1 | Z27: 1 | AA27: 1 | AB27: 0.41181979 | AE27: 0.45743299 | AF27: 1 | AG27: 1 | AH27: 1 | AI27: 0.41181979 | AL27: 1 | AM27: 0.15720976 | AN27: 1 | AO27: 0.17145441 | AP27: 1 | AS27: 0.5769979 | AT27: 0.38322233 | AU27: 0.15720976 | AV27: 1 | AW27: 0.30909224 | AZ27: 0 | BA27: 0.41181979 | BB27: 1 | BC27: 1 | BD27: 1 | BG27: 1 | BH27: 1 | BI27: 1 | BJ27: 0.45743299 | BK27: 0 | BN27: 0.53166268 | BO27: 0.99976059 | BP27: 1 | BQ27: 0.91872386 | BR27: 0.26493492 | BU27: 1 | BV27: 0.17145441 | BW27: 1 | BX27: 0.15720976 | BY27: 1
C28: 0.24288144 | D28: 0.43554736 | E28: 0.17145441 | F28: 1 | G28: 0.57160394 | J28: 0.47361589 | K28: 1 | L28: 1 | M28: 1 | N28: 0.31808908 | Q28: 0.5769979 | R28: 0.38322233 | S28: 0.15720976 | T28: 1 | U28: 0.30909224 | X28: 0.30909224 | Y28: 1 | Z28: 0.15720976 | AA28: 0.38322233 | AB28: 0.5769979 | AE28: 0.57160394 | AF28: 1 | AG28: 0.17145441 | AH28: 0.43554736 | AI28: 0.24288144 | AL28: 1 | AM28: 0.38322233 | AN28: 1 | AO28: 0.43554736 | AP28: 1 | AS28: 0.41181979 | AT28: 1 | AU28: 1 | AV28: 1 | AW28: 0.45743299 | AZ28: 0 | BA28: 0.24288144 | BB28: 0.43554736 | BC28: 0.17145441 | BD28: 1 | BG28: 0.43554736 | BH28: 0.17145441 | BI28: 1 | BJ28: 0.57160394 | BK28: 0 | BN28: 0.2778513 | BO28: 0.56338686 | BP28: 0.31183655 | BQ28: 1 | BR28: 0.71080894 | BU28: 1 | BV28: 1 | BW28: 1 | BX28: 1 | BY28: 1
C29: 0.47361589 | D29: 1 | E29: 1 | F29: 1 | G29: 0.31808908 | J29: 0 | K29: 0 | L29: 0 | M29: 0 | N29: 0 | Q29: 0.45498379 | R29: 1 | S29: 1 | T29: 1 | U29: 0.2291328 | X29: 0.2291328 | Y29: 1 | Z29: 1 | AA29: 1 | AB29: 0.45498379 | AE29: 0.31808908 | AF29: 1 | AG29: 1 | AH29: 1 | AI29: 0.47361589 | AL29: 0.45498379 | AM29: 0.5769979 | AN29: 0.41181979 | AO29: 0.24288144 | AP29: 0.47361589 | AS29: 0.24288144 | AT29: 0.43554736 | AU29: 0.17145441 | AV29: 1 | AW29: 0.57160394 | AZ29: 0 | BA29: 0.47361589 | BB29: 1 | BC29: 1 | BD29: 1 | BG29: 1 | BH29: 1 | BI29: 1 | BJ29: 0.31808908 | BK29: 0 | BN29: 0.46232983 | BO29: 0.90142359 | BP29: 0.92797074 | BQ29: 0.83517267 | BR29: 0.37532969 | BU29: 0.31808908 | BV29: 0.57160394 | BW29: 0.45743299 | BX29: 0.30909224 | BY29: 0.2291328
B31: 4 | C31: Original | J31: {=INDEX(Helper!$E$13:$E$22, OFFSET(Helper!$J$13,$B31,J$2))} -> 180 Rotation | Q31: {=INDEX(Helper!$E$13:$E$22, OFFSET(Helper!$J$13,$B31,Q$2))} -> Shift Right | X31: {=INDEX(Helper!$E$13:$E$22, OFFSET(Helper!$J$13,$B31,X$2))} -> Shift Up | AE31: {=INDEX(Helper!$E$13:$E$22, OFFSET(Helper!$J$13,$B31,AE$2))} -> 90 CW | AL31: {=INDEX(Helper!$E$13:$E$22, OFFSET(Helper!$J$13,$B31,AL$2))} -> Shift Left | AS31: {=INDEX(Helper!$E$13:$E$22, OFFSET(Helper!$J$13,$B31,AS$2))} -> Vertical Flip | AZ31: {=INDEX(Helper!$E$13:$E$22, OFFSET(Helper!$J$13,$B31,AZ$2))} -> 90 CCW | BG31: {=INDEX(Helper!$E$13:$E$22, OFFSET(Helper!$J$13,$B31,BG$2))} -> Horizontal Flip | BN31: {=INDEX(Helper!$E$13:$E$22, OFFSET(Helper!$J$13,$B31,BN$2))} -> Shift Down | BU31: {=INDEX(Helper!$E$13:$E$22, OFFSET(Helper!$J$13,$B31,BU$2))} -> Noise
C32: 0.45467298 | D32: 1 | E32: 0.279725 | F32: 1 | G32: 0.52614402 | J32: {=_xlfn.IFS(J31="None", $C32:$G36*0, J31="Horizontal Flip", INDEX($C32:$G36, _xlfn.SEQUENCE(5), 6 - _xlfn.SEQUENCE(1,5)), J31="Vertical Flip", INDEX($C32:$G36, 6 - _xlfn.SEQUENCE(5), _xlfn.SEQUENCE(1,5)), J31="180 Rotation", INDEX($C32:$G36, 6 - _xlfn.SEQUENCE(5), 6 - _xlfn.SEQUENCE(1,5)), J31="90 CW", INDEX($C32:$G36, 6 - _xlfn.SEQUENCE(1,5), _xlfn.SEQUENCE(5)), J31="90 CCW", INDEX($C32:$G36, _xlfn.SEQUENCE(1,5), 6 - _xlfn.SEQUENCE(5)), J31="Shift Up", IF(_xlfn.SEQUENCE(5)+1<=5, INDEX($C32:$G36, _xlfn.SEQUENCE(5)+1, _xlfn.SEQUENCE(1,5)), 0), J31="Shift Down", IF(_xlfn.SEQUENCE(5)-1>=1, INDEX($C32:$G36, _xlfn.SEQUENCE(5)-1, _xlfn.SEQUENCE(1,5)), 0), J31="Shift Left", IF(_xlfn.SEQUENCE(1,5)+1<=5, INDEX($C32:$G36, _xlfn.SEQUENCE(5), _xlfn.SEQUENCE(1,5)+1),0), J31= "Shift Right", IF(_xlfn.SEQUENCE(1,5)-1>=1, INDEX($C32:$G36, _xlfn.SEQUENCE(5), _xlfn.SEQUENCE(1,5)-1), 0), J31="Noise", _xlfn.MAP($C32:$G36 + (_xlfn.RANDARRAY(ROWS($C32:$G36), COLUMNS($C32:$G36)) - 0.5) * 0.4, _xlfn.LAMBDA(_xlpm.x, MAX(0, MIN(1, _xlpm.x)))))} -> 0.40699939 | K32: 1 | L32: 0.59604971 | M32: 0.2513423 | N32: 0.36530535 | Q32: {=_xlfn.IFS(Q31="None", $C32:$G36*0, Q31="Horizontal Flip", INDEX($C32:$G36, _xlfn.SEQUENCE(5), 6 - _xlfn.SEQUENCE(1,5)), Q31="Vertical Flip", INDEX($C32:$G36, 6 - _xlfn.SEQUENCE(5), _xlfn.SEQUENCE(1,5)), Q31="180 Rotation", INDEX($C32:$G36, 6 - _xlfn.SEQUENCE(5), 6 - _xlfn.SEQUENCE(1,5)), Q31="90 CW", INDEX($C32:$G36, 6 - _xlfn.SEQUENCE(1,5), _xlfn.SEQUENCE(5)), Q31="90 CCW", INDEX($C32:$G36, _xlfn.SEQUENCE(1,5), 6 - _xlfn.SEQUENCE(5)), Q31="Shift Up", IF(_xlfn.SEQUENCE(5)+1<=5, INDEX($C32:$G36, _xlfn.SEQUENCE(5)+1, _xlfn.SEQUENCE(1,5)), 0), Q31="Shift Down", IF(_xlfn.SEQUENCE(5)-1>=1, INDEX($C32:$G36, _xlfn.SEQUENCE(5)-1, _xlfn.SEQUENCE(1,5)), 0), Q31="Shift Left", IF(_xlfn.SEQUENCE(1,5)+1<=5, INDEX($C32:$G36, _xlfn.SEQUENCE(5), _xlfn.SEQUENCE(1,5)+1),0), Q31= "Shift Right", IF(_xlfn.SEQUENCE(1,5)-1>=1, INDEX($C32:$G36, _xlfn.SEQUENCE(5), _xlfn.SEQUENCE(1,5)-1), 0), Q31="Noise", _xlfn.MAP($C32:$G36 + (_xlfn.RANDARRAY(ROWS($C32:$G36), COLUMNS($C32:$G36)) - 0.5) * 0.4, _xlfn.LAMBDA(_xlpm.x, MAX(0, MIN(1, _xlpm.x)))))} -> 0 | R32: 0.45467298 | S32: 1 | T32: 0.279725 | U32: 1 | X32: {=_xlfn.IFS(X31="None", $C32:$G36*0, X31="Horizontal Flip", INDEX($C32:$G36, _xlfn.SEQUENCE(5), 6 - _xlfn.SEQUENCE(1,5)), X31="Vertical Flip", INDEX($C32:$G36, 6 - _xlfn.SEQUENCE(5), _xlfn.SEQUENCE(1,5)), X31="180 Rotation", INDEX($C32:$G36, 6 - _xlfn.SEQUENCE(5), 6 - _xlfn.SEQUENCE(1,5)), X31="90 CW", INDEX($C32:$G36, 6 - _xlfn.SEQUENCE(1,5), _xlfn.SEQUENCE(5)), X31="90 CCW", INDEX($C32:$G36, _xlfn.SEQUENCE(1,5), 6 - _xlfn.SEQUENCE(5)), X31="Shift Up", IF(_xlfn.SEQUENCE(5)+1<=5, INDEX($C32:$G36, _xlfn.SEQUENCE(5)+1, _xlfn.SEQUENCE(1,5)), 0), X31="Shift Down", IF(_xlfn.SEQUENCE(5)-1>=1, INDEX($C32:$G36, _xlfn.SEQUENCE(5)-1, _xlfn.SEQUENCE(1,5)), 0), X31="Shift Left", IF(_xlfn.SEQUENCE(1,5)+1<=5, INDEX($C32:$G36, _xlfn.SEQUENCE(5), _xlfn.SEQUENCE(1,5)+1),0), X31= "Shift Right", IF(_xlfn.SEQUENCE(1,5)-1>=1, INDEX($C32:$G36, _xlfn.SEQUENCE(5), _xlfn.SEQUENCE(1,5)-1), 0), X31="Noise", _xlfn.MAP($C32:$G36 + (_xlfn.RANDARRAY(ROWS($C32:$G36), COLUMNS($C32:$G36)) - 0.5) * 0.4, _xlfn.LAMBDA(_xlpm.x, MAX(0, MIN(1, _xlpm.x)))))} -> 0.61460711 | Y32: 1 | Z32: 0.22403756 | AA32: 1 | AB32: 0.1813303 | AE32: {=_xlfn.IFS(AE31="None", $C32:$G36*0, AE31="Horizontal Flip", INDEX($C32:$G36, _xlfn.SEQUENCE(5), 6 - _xlfn.SEQUENCE(1,5)), AE31="Vertical Flip", INDEX($C32:$G36, 6 - _xlfn.SEQUENCE(5), _xlfn.SEQUENCE(1,5)), AE31="180 Rotation", INDEX($C32:$G36, 6 - _xlfn.SEQUENCE(5), 6 - _xlfn.SEQUENCE(1,5)), AE31="90 CW", INDEX($C32:$G36, 6 - _xlfn.SEQUENCE(1,5), _xlfn.SEQUENCE(5)), AE31="90 CCW", INDEX($C32:$G36, _xlfn.SEQUENCE(1,5), 6 - _xlfn.SEQUENCE(5)), AE31="Shift Up", IF(_xlfn.SEQUENCE(5)+1<=5, INDEX($C32:$G36, _xlfn.SEQUENCE(5)+1, _xlfn.SEQUENCE(1,5)), 0), AE31="Shift Down", IF(_xlfn.SEQUENCE(5)-1>=1, INDEX($C32:$G36, _xlfn.SEQUENCE(5)-1, _xlfn.SEQUENCE(1,5)), 0), AE31="Shift Left", IF(_xlfn.SEQUENCE(1,5)+1<=5, INDEX($C32:$G36, _xlfn.SEQUENCE(5), _xlfn.SEQUENCE(1,5)+1),0), AE31= "Shift Right", IF(_xlfn.SEQUENCE(1,5)-1>=1, INDEX($C32:$G36, _xlfn.SEQUENCE(5), _xlfn.SEQUENCE(1,5)-1), 0), AE31="Noise", _xlfn.MAP($C32:$G36 + (_xlfn.RANDARRAY(ROWS($C32:$G36), COLUMNS($C32:$G36)) - 0.5) * 0.4, _xlfn.LAMBDA(_xlpm.x, MAX(0, MIN(1, _xlpm.x)))))} -> 0.36530535 | AF32: 0.57425315 | AG32: 0.21698808 | AH32: 0.61460711 | AI32: 0.45467298 | AL32: {=_xlfn.IFS(AL31="None", $C32:$G36*0, AL31="Horizontal Flip", INDEX($C32:$G36, _xlfn.SEQUENCE(5), 6 - _xlfn.SEQUENCE(1,5)), AL31="Vertical Flip", INDEX($C32:$G36, 6 - _xlfn.SEQUENCE(5), _xlfn.SEQUENCE(1,5)), AL31="180 Rotation", INDEX($C32:$G36, 6 - _xlfn.SEQUENCE(5), 6 - _xlfn.SEQUENCE(1,5)), AL31="90 CW", INDEX($C32:$G36, 6 - _xlfn.SEQUENCE(1,5), _xlfn.SEQUENCE(5)), AL31="90 CCW", INDEX($C32:$G36, _xlfn.SEQUENCE(1,5), 6 - _xlfn.SEQUENCE(5)), AL31="Shift Up", IF(_xlfn.SEQUENCE(5)+1<=5, INDEX($C32:$G36, _xlfn.SEQUENCE(5)+1, _xlfn.SEQUENCE(1,5)), 0), AL31="Shift Down", IF(_xlfn.SEQUENCE(5)-1>=1, INDEX($C32:$G36, _xlfn.SEQUENCE(5)-1, _xlfn.SEQUENCE(1,5)), 0), AL31="Shift Left", IF(_xlfn.SEQUENCE(1,5)+1<=5, INDEX($C32:$G36, _xlfn.SEQUENCE(5), _xlfn.SEQUENCE(1,5)+1),0), AL31= "Shift Right", IF(_xlfn.SEQUENCE(1,5)-1>=1, INDEX($C32:$G36, _xlfn.SEQUENCE(5), _xlfn.SEQUENCE(1,5)-1), 0), AL31="Noise", _xlfn.MAP($C32:$G36 + (_xlfn.RANDARRAY(ROWS($C32:$G36), COLUMNS($C32:$G36)) - 0.5) * 0.4, _xlfn.LAMBDA(_xlpm.x, MAX(0, MIN(1, _xlpm.x)))))} -> 1 | AM32: 0.279725 | AN32: 1 | AO32: 0.52614402 | AP32: 0 | AS32: {=_xlfn.IFS(AS31="None", $C32:$G36*0, AS31="Horizontal Flip", INDEX($C32:$G36, _xlfn.SEQUENCE(5), 6 - _xlfn.SEQUENCE(1,5)), AS31="Vertical Flip", INDEX($C32:$G36, 6 - _xlfn.SEQUENCE(5), _xlfn.SEQUENCE(1,5)), AS31="180 Rotation", INDEX($C32:$G36, 6 - _xlfn.SEQUENCE(5), 6 - _xlfn.SEQUENCE(1,5)), AS31="90 CW", INDEX($C32:$G36, 6 - _xlfn.SEQUENCE(1,5), _xlfn.SEQUENCE(5)), AS31="90 CCW", INDEX($C32:$G36, _xlfn.SEQUENCE(1,5), 6 - _xlfn.SEQUENCE(5)), AS31="Shift Up", IF(_xlfn.SEQUENCE(5)+1<=5, INDEX($C32:$G36, _xlfn.SEQUENCE(5)+1, _xlfn.SEQUENCE(1,5)), 0), AS31="Shift Down", IF(_xlfn.SEQUENCE(5)-1>=1, INDEX($C32:$G36, _xlfn.SEQUENCE(5)-1, _xlfn.SEQUENCE(1,5)), 0), AS31="Shift Left", IF(_xlfn.SEQUENCE(1,5)+1<=5, INDEX($C32:$G36, _xlfn.SEQUENCE(5), _xlfn.SEQUENCE(1,5)+1),0), AS31= "Shift Right", IF(_xlfn.SEQUENCE(1,5)-1>=1, INDEX($C32:$G36, _xlfn.SEQUENCE(5), _xlfn.SEQUENCE(1,5)-1), 0), AS31="Noise", _xlfn.MAP($C32:$G36 + (_xlfn.RANDARRAY(ROWS($C32:$G36), COLUMNS($C32:$G36)) - 0.5) * 0.4, _xlfn.LAMBDA(_xlpm.x, MAX(0, MIN(1, _xlpm.x)))))} -> 0.36530535 | AT32: 0.2513423 | AU32: 0.59604971 | AV32: 1 | AW32: 0.40699939 | AZ32: {=_xlfn.IFS(AZ31="None", $C32:$G36*0, AZ31="Horizontal Flip", INDEX($C32:$G36, _xlfn.SEQUENCE(5), 6 - _xlfn.SEQUENCE(1,5)), AZ31="Vertical Flip", INDEX($C32:$G36, 6 - _xlfn.SEQUENCE(5), _xlfn.SEQUENCE(1,5)), AZ31="180 Rotation", INDEX($C32:$G36, 6 - _xlfn.SEQUENCE(5), 6 - _xlfn.SEQUENCE(1,5)), AZ31="90 CW", INDEX($C32:$G36, 6 - _xlfn.SEQUENCE(1,5), _xlfn.SEQUENCE(5)), AZ31="90 CCW", INDEX($C32:$G36, _xlfn.SEQUENCE(1,5), 6 - _xlfn.SEQUENCE(5)), AZ31="Shift Up", IF(_xlfn.SEQUENCE(5)+1<=5, INDEX($C32:$G36, _xlfn.SEQUENCE(5)+1, _xlfn.SEQUENCE(1,5)), 0), AZ31="Shift Down", IF(_xlfn.SEQUENCE(5)-1>=1, INDEX($C32:$G36, _xlfn.SEQUENCE(5)-1, _xlfn.SEQUENCE(1,5)), 0), AZ31="Shift Left", IF(_xlfn.SEQUENCE(1,5)+1<=5, INDEX($C32:$G36, _xlfn.SEQUENCE(5), _xlfn.SEQUENCE(1,5)+1),0), AZ31= "Shift Right", IF(_xlfn.SEQUENCE(1,5)-1>=1, INDEX($C32:$G36, _xlfn.SEQUENCE(5), _xlfn.SEQUENCE(1,5)-1), 0), AZ31="Noise", _xlfn.MAP($C32:$G36 + (_xlfn.RANDARRAY(ROWS($C32:$G36), COLUMNS($C32:$G36)) - 0.5) * 0.4, _xlfn.LAMBDA(_xlpm.x, MAX(0, MIN(1, _xlpm.x)))))} -> 0.52614402 | BA32: 0.1813303 | BB32: 0.6266221 | BC32: 0.28950804 | BD32: 0.40699939 | BG32: {=_xlfn.IFS(BG31="None", $C32:$G36*0, BG31="Horizontal Flip", INDEX($C32:$G36, _xlfn.SEQUENCE(5), 6 - _xlfn.SEQUENCE(1,5)), BG31="Vertical Flip", INDEX($C32:$G36, 6 - _xlfn.SEQUENCE(5), _xlfn.SEQUENCE(1,5)), BG31="180 Rotation", INDEX($C32:$G36, 6 - _xlfn.SEQUENCE(5), 6 - _xlfn.SEQUENCE(1,5)), BG31="90 CW", INDEX($C32:$G36, 6 - _xlfn.SEQUENCE(1,5), _xlfn.SEQUENCE(5)), BG31="90 CCW", INDEX($C32:$G36, _xlfn.SEQUENCE(1,5), 6 - _xlfn.SEQUENCE(5)), BG31="Shift Up", IF(_xlfn.SEQUENCE(5)+1<=5, INDEX($C32:$G36, _xlfn.SEQUENCE(5)+1, _xlfn.SEQUENCE(1,5)), 0), BG31="Shift Down", IF(_xlfn.SEQUENCE(5)-1>=1, INDEX($C32:$G36, _xlfn.SEQUENCE(5)-1, _xlfn.SEQUENCE(1,5)), 0), BG31="Shift Left", IF(_xlfn.SEQUENCE(1,5)+1<=5, INDEX($C32:$G36, _xlfn.SEQUENCE(5), _xlfn.SEQUENCE(1,5)+1),0), BG31= "Shift Right", IF(_xlfn.SEQUENCE(1,5)-1>=1, INDEX($C32:$G36, _xlfn.SEQUENCE(5), _xlfn.SEQUENCE(1,5)-1), 0), BG31="Noise", _xlfn.MAP($C32:$G36 + (_xlfn.RANDARRAY(ROWS($C32:$G36), COLUMNS($C32:$G36)) - 0.5) * 0.4, _xlfn.LAMBDA(_xlpm.x, MAX(0, MIN(1, _xlpm.x)))))} -> 0.52614402 | BH32: 1 | BI32: 0.279725 | BJ32: 1 | BK32: 0.45467298 | BN32: {=_xlfn.IFS(BN31="None", $C32:$G36*0, BN31="Horizontal Flip", INDEX($C32:$G36, _xlfn.SEQUENCE(5), 6 - _xlfn.SEQUENCE(1,5)), BN31="Vertical Flip", INDEX($C32:$G36, 6 - _xlfn.SEQUENCE(5), _xlfn.SEQUENCE(1,5)), BN31="180 Rotation", INDEX($C32:$G36, 6 - _xlfn.SEQUENCE(5), 6 - _xlfn.SEQUENCE(1,5)), BN31="90 CW", INDEX($C32:$G36, 6 - _xlfn.SEQUENCE(1,5), _xlfn.SEQUENCE(5)), BN31="90 CCW", INDEX($C32:$G36, _xlfn.SEQUENCE(1,5), 6 - _xlfn.SEQUENCE(5)), BN31="Shift Up", IF(_xlfn.SEQUENCE(5)+1<=5, INDEX($C32:$G36, _xlfn.SEQUENCE(5)+1, _xlfn.SEQUENCE(1,5)), 0), BN31="Shift Down", IF(_xlfn.SEQUENCE(5)-1>=1, INDEX($C32:$G36, _xlfn.SEQUENCE(5)-1, _xlfn.SEQUENCE(1,5)), 0), BN31="Shift Left", IF(_xlfn.SEQUENCE(1,5)+1<=5, INDEX($C32:$G36, _xlfn.SEQUENCE(5), _xlfn.SEQUENCE(1,5)+1),0), BN31= "Shift Right", IF(_xlfn.SEQUENCE(1,5)-1>=1, INDEX($C32:$G36, _xlfn.SEQUENCE(5), _xlfn.SEQUENCE(1,5)-1), 0), BN31="Noise", _xlfn.MAP($C32:$G36 + (_xlfn.RANDARRAY(ROWS($C32:$G36), COLUMNS($C32:$G36)) - 0.5) * 0.4, _xlfn.LAMBDA(_xlpm.x, MAX(0, MIN(1, _xlpm.x)))))} -> 0 | BO32: 0 | BP32: 0 | BQ32: 0 | BR32: 0 | BU32: {=_xlfn.IFS(BU31="None", $C32:$G36*0, BU31="Horizontal Flip", INDEX($C32:$G36, _xlfn.SEQUENCE(5), 6 - _xlfn.SEQUENCE(1,5)), BU31="Vertical Flip", INDEX($C32:$G36, 6 - _xlfn.SEQUENCE(5), _xlfn.SEQUENCE(1,5)), BU31="180 Rotation", INDEX($C32:$G36, 6 - _xlfn.SEQUENCE(5), 6 - _xlfn.SEQUENCE(1,5)), BU31="90 CW", INDEX($C32:$G36, 6 - _xlfn.SEQUENCE(1,5), _xlfn.SEQUENCE(5)), BU31="90 CCW", INDEX($C32:$G36, _xlfn.SEQUENCE(1,5), 6 - _xlfn.SEQUENCE(5)), BU31="Shift Up", IF(_xlfn.SEQUENCE(5)+1<=5, INDEX($C32:$G36, _xlfn.SEQUENCE(5)+1, _xlfn.SEQUENCE(1,5)), 0), BU31="Shift Down", IF(_xlfn.SEQUENCE(5)-1>=1, INDEX($C32:$G36, _xlfn.SEQUENCE(5)-1, _xlfn.SEQUENCE(1,5)), 0), BU31="Shift Left", IF(_xlfn.SEQUENCE(1,5)+1<=5, INDEX($C32:$G36, _xlfn.SEQUENCE(5), _xlfn.SEQUENCE(1,5)+1),0), BU31= "Shift Right", IF(_xlfn.SEQUENCE(1,5)-1>=1, INDEX($C32:$G36, _xlfn.SEQUENCE(5), _xlfn.SEQUENCE(1,5)-1), 0), BU31="Noise", _xlfn.MAP($C32:$G36 + (_xlfn.RANDARRAY(ROWS($C32:$G36), COLUMNS($C32:$G36)) - 0.5) * 0.4, _xlfn.LAMBDA(_xlpm.x, MAX(0, MIN(1, _xlpm.x)))))} -> 0.65197618 | BV32: 1 | BW32: 0.44755416 | BX32: 1 | BY32: 0.43845981
C33: 0.61460711 | D33: 1 | E33: 0.22403756 | F33: 1 | G33: 0.1813303 | J33: 0.28950804 | K33: 1 | L33: 0.24681595 | M33: 0.63872803 | N33: 0.57425315 | Q33: 0 | R33: 0.61460711 | S33: 1 | T33: 0.22403756 | U33: 1 | X33: 0.21698808 | Y33: 1 | Z33: 1 | AA33: 1 | AB33: 0.6266221 | AE33: 0.2513423 | AF33: 0.63872803 | AG33: 1 | AH33: 1 | AI33: 1 | AL33: 1 | AM33: 0.22403756 | AN33: 1 | AO33: 0.1813303 | AP33: 0 | AS33: 0.57425315 | AT33: 0.63872803 | AU33: 0.24681595 | AV33: 1 | AW33: 0.28950804 | AZ33: 1 | BA33: 1 | BB33: 1 | BC33: 1 | BD33: 1 | BG33: 0.1813303 | BH33: 1 | BI33: 0.22403756 | BJ33: 1 | BK33: 0.61460711 | BN33: 0.45467298 | BO33: 1 | BP33: 0.279725 | BQ33: 1 | BR33: 0.52614402 | BU33: 0.41935135 | BV33: 0.85823403 | BW33: 0.29882077 | BX33: 0.9625823 | BY33: 0.1676201
C34: 0.21698808 | D34: 1 | E34: 1 | F34: 1 | G34: 0.6266221 | J34: 0.6266221 | K34: 1 | L34: 1 | M34: 1 | N34: 0.21698808 | Q34: 0 | R34: 0.21698808 | S34: 1 | T34: 1 | U34: 1 | X34: 0.57425315 | Y34: 0.63872803 | Z34: 0.24681595 | AA34: 1 | AB34: 0.28950804 | AE34: 0.59604971 | AF34: 0.24681595 | AG34: 1 | AH34: 0.22403756 | AI34: 0.279725 | AL34: 1 | AM34: 1 | AN34: 1 | AO34: 0.6266221 | AP34: 0 | AS34: 0.21698808 | AT34: 1 | AU34: 1 | AV34: 1 | AW34: 0.6266221 | AZ34: 0.279725 | BA34: 0.22403756 | BB34: 1 | BC34: 0.24681595 | BD34: 0.59604971 | BG34: 0.6266221 | BH34: 1 | BI34: 1 | BJ34: 1 | BK34: 0.21698808 | BN34: 0.61460711 | BO34: 1 | BP34: 0.22403756 | BQ34: 1 | BR34: 0.1813303 | BU34: 0.22252063 | BV34: 0.98079072 | BW34: 1 | BX34: 1 | BY34: 0.58930641
C35: 0.57425315 | D35: 0.63872803 | E35: 0.24681595 | F35: 1 | G35: 0.28950804 | J35: 0.1813303 | K35: 1 | L35: 0.22403756 | M35: 1 | N35: 0.61460711 | Q35: 0 | R35: 0.57425315 | S35: 0.63872803 | T35: 0.24681595 | U35: 1 | X35: 0.36530535 | Y35: 0.2513423 | Z35: 0.59604971 | AA35: 1 | AB35: 0.40699939 | AE35: 1 | AF35: 1 | AG35: 1 | AH35: 1 | AI35: 1 | AL35: 0.63872803 | AM35: 0.24681595 | AN35: 1 | AO35: 0.28950804 | AP35: 0 | AS35: 0.61460711 | AT35: 1 | AU35: 0.22403756 | AV35: 1 | AW35: 0.1813303 | AZ35: 1 | BA35: 1 | BB35: 1 | BC35: 0.63872803 | BD35: 0.2513423 | BG35: 0.28950804 | BH35: 1 | BI35: 0.24681595 | BJ35: 0.63872803 | BK35: 0.57425315 | BN35: 0.21698808 | BO35: 1 | BP35: 1 | BQ35: 1 | BR35: 0.6266221 | BU35: 0.3958594 | BV35: 0.66645358 | BW35: 0.26606885 | BX35: 1 | BY35: 0.10014963
C36: 0.36530535 | D36: 0.2513423 | E36: 0.59604971 | F36: 1 | G36: 0.40699939 | J36: 0.52614402 | K36: 1 | L36: 0.279725 | M36: 1 | N36: 0.45467298 | Q36: 0 | R36: 0.36530535 | S36: 0.2513423 | T36: 0.59604971 | U36: 1 | X36: 0 | Y36: 0 | Z36: 0 | AA36: 0 | AB36: 0 | AE36: 0.40699939 | AF36: 0.28950804 | AG36: 0.6266221 | AH36: 0.1813303 | AI36: 0.52614402 | AL36: 0.2513423 | AM36: 0.59604971 | AN36: 1 | AO36: 0.40699939 | AP36: 0 | AS36: 0.45467298 | AT36: 1 | AU36: 0.279725 | AV36: 1 | AW36: 0.52614402 | AZ36: 0.45467298 | BA36: 0.61460711 | BB36: 0.21698808 | BC36: 0.57425315 | BD36: 0.36530535 | BG36: 0.40699939 | BH36: 1 | BI36: 0.59604971 | BJ36: 0.2513423 | BK36: 0.36530535 | BN36: 0.57425315 | BO36: 0.63872803 | BP36: 0.24681595 | BQ36: 1 | BR36: 0.28950804 | BU36: 0.28638695 | BV36: 0.15109829 | BW36: 0.69583378 | BX36: 1 | BY36: 0.31200559
B38: 5 | C38: Original | J38: {=INDEX(Helper!$E$13:$E$22, OFFSET(Helper!$J$13,$B38,J$2))} -> Shift Down | Q38: {=INDEX(Helper!$E$13:$E$22, OFFSET(Helper!$J$13,$B38,Q$2))} -> Vertical Flip | X38: {=INDEX(Helper!$E$13:$E$22, OFFSET(Helper!$J$13,$B38,X$2))} -> 90 CCW | AE38: {=INDEX(Helper!$E$13:$E$22, OFFSET(Helper!$J$13,$B38,AE$2))} -> Noise | AL38: {=INDEX(Helper!$E$13:$E$22, OFFSET(Helper!$J$13,$B38,AL$2))} -> Horizontal Flip | AS38: {=INDEX(Helper!$E$13:$E$22, OFFSET(Helper!$J$13,$B38,AS$2))} -> 180 Rotation | AZ38: {=INDEX(Helper!$E$13:$E$22, OFFSET(Helper!$J$13,$B38,AZ$2))} -> Shift Left | BG38: {=INDEX(Helper!$E$13:$E$22, OFFSET(Helper!$J$13,$B38,BG$2))} -> Shift Up | BN38: {=INDEX(Helper!$E$13:$E$22, OFFSET(Helper!$J$13,$B38,BN$2))} -> 90 CW | BU38: {=INDEX(Helper!$E$13:$E$22, OFFSET(Helper!$J$13,$B38,BU$2))} -> Shift Right
C39: 0.60426403 | D39: 1 | E39: 1 | F39: 1 | G39: 0.23057421 | J39: {=_xlfn.IFS(J38="None", $C39:$G43*0, J38="Horizontal Flip", INDEX($C39:$G43, _xlfn.SEQUENCE(5), 6 - _xlfn.SEQUENCE(1,5)), J38="Vertical Flip", INDEX($C39:$G43, 6 - _xlfn.SEQUENCE(5), _xlfn.SEQUENCE(1,5)), J38="180 Rotation", INDEX($C39:$G43, 6 - _xlfn.SEQUENCE(5), 6 - _xlfn.SEQUENCE(1,5)), J38="90 CW", INDEX($C39:$G43, 6 - _xlfn.SEQUENCE(1,5), _xlfn.SEQUENCE(5)), J38="90 CCW", INDEX($C39:$G43, _xlfn.SEQUENCE(1,5), 6 - _xlfn.SEQUENCE(5)), J38="Shift Up", IF(_xlfn.SEQUENCE(5)+1<=5, INDEX($C39:$G43, _xlfn.SEQUENCE(5)+1, _xlfn.SEQUENCE(1,5)), 0), J38="Shift Down", IF(_xlfn.SEQUENCE(5)-1>=1, INDEX($C39:$G43, _xlfn.SEQUENCE(5)-1, _xlfn.SEQUENCE(1,5)), 0), J38="Shift Left", IF(_xlfn.SEQUENCE(1,5)+1<=5, INDEX($C39:$G43, _xlfn.SEQUENCE(5), _xlfn.SEQUENCE(1,5)+1),0), J38= "Shift Right", IF(_xlfn.SEQUENCE(1,5)-1>=1, INDEX($C39:$G43, _xlfn.SEQUENCE(5), _xlfn.SEQUENCE(1,5)-1), 0), J38="Noise", _xlfn.MAP($C39:$G43 + (_xlfn.RANDARRAY(ROWS($C39:$G43), COLUMNS($C39:$G43)) - 0.5) * 0.4, _xlfn.LAMBDA(_xlpm.x, MAX(0, MIN(1, _xlpm.x)))))} -> 0 | K39: 0 | L39: 0 | M39: 0 | N39: 0 | Q39: {=_xlfn.IFS(Q38="None", $C39:$G43*0, Q38="Horizontal Flip", INDEX($C39:$G43, _xlfn.SEQUENCE(5), 6 - _xlfn.SEQUENCE(1,5)), Q38="Vertical Flip", INDEX($C39:$G43, 6 - _xlfn.SEQUENCE(5), _xlfn.SEQUENCE(1,5)), Q38="180 Rotation", INDEX($C39:$G43, 6 - _xlfn.SEQUENCE(5), 6 - _xlfn.SEQUENCE(1,5)), Q38="90 CW", INDEX($C39:$G43, 6 - _xlfn.SEQUENCE(1,5), _xlfn.SEQUENCE(5)), Q38="90 CCW", INDEX($C39:$G43, _xlfn.SEQUENCE(1,5), 6 - _xlfn.SEQUENCE(5)), Q38="Shift Up", IF(_xlfn.SEQUENCE(5)+1<=5, INDEX($C39:$G43, _xlfn.SEQUENCE(5)+1, _xlfn.SEQUENCE(1,5)), 0), Q38="Shift Down", IF(_xlfn.SEQUENCE(5)-1>=1, INDEX($C39:$G43, _xlfn.SEQUENCE(5)-1, _xlfn.SEQUENCE(1,5)), 0), Q38="Shift Left", IF(_xlfn.SEQUENCE(1,5)+1<=5, INDEX($C39:$G43, _xlfn.SEQUENCE(5), _xlfn.SEQUENCE(1,5)+1),0), Q38= "Shift Right", IF(_xlfn.SEQUENCE(1,5)-1>=1, INDEX($C39:$G43, _xlfn.SEQUENCE(5), _xlfn.SEQUENCE(1,5)-1), 0), Q38="Noise", _xlfn.MAP($C39:$G43 + (_xlfn.RANDARRAY(ROWS($C39:$G43), COLUMNS($C39:$G43)) - 0.5) * 0.4, _xlfn.LAMBDA(_xlpm.x, MAX(0, MIN(1, _xlpm.x)))))} -> 0.52047149 | R39: 1 | S39: 1 | T39: 1 | U39: 0.45070921 | X39: {=_xlfn.IFS(X38="None", $C39:$G43*0, X38="Horizontal Flip", INDEX($C39:$G43, _xlfn.SEQUENCE(5), 6 - _xlfn.SEQUENCE(1,5)), X38="Vertical Flip", INDEX($C39:$G43, 6 - _xlfn.SEQUENCE(5), _xlfn.SEQUENCE(1,5)), X38="180 Rotation", INDEX($C39:$G43, 6 - _xlfn.SEQUENCE(5), 6 - _xlfn.SEQUENCE(1,5)), X38="90 CW", INDEX($C39:$G43, 6 - _xlfn.SEQUENCE(1,5), _xlfn.SEQUENCE(5)), X38="90 CCW", INDEX($C39:$G43, _xlfn.SEQUENCE(1,5), 6 - _xlfn.SEQUENCE(5)), X38="Shift Up", IF(_xlfn.SEQUENCE(5)+1<=5, INDEX($C39:$G43, _xlfn.SEQUENCE(5)+1, _xlfn.SEQUENCE(1,5)), 0), X38="Shift Down", IF(_xlfn.SEQUENCE(5)-1>=1, INDEX($C39:$G43, _xlfn.SEQUENCE(5)-1, _xlfn.SEQUENCE(1,5)), 0), X38="Shift Left", IF(_xlfn.SEQUENCE(1,5)+1<=5, INDEX($C39:$G43, _xlfn.SEQUENCE(5), _xlfn.SEQUENCE(1,5)+1),0), X38= "Shift Right", IF(_xlfn.SEQUENCE(1,5)-1>=1, INDEX($C39:$G43, _xlfn.SEQUENCE(5), _xlfn.SEQUENCE(1,5)-1), 0), X38="Noise", _xlfn.MAP($C39:$G43 + (_xlfn.RANDARRAY(ROWS($C39:$G43), COLUMNS($C39:$G43)) - 0.5) * 0.4, _xlfn.LAMBDA(_xlpm.x, MAX(0, MIN(1, _xlpm.x)))))} -> 0.23057421 | Y39: 0.51323825 | Z39: 0.36518621 | AA39: 0.4383347 | AB39: 0.45070921 | AE39: {=_xlfn.IFS(AE38="None", $C39:$G43*0, AE38="Horizontal Flip", INDEX($C39:$G43, _xlfn.SEQUENCE(5), 6 - _xlfn.SEQUENCE(1,5)), AE38="Vertical Flip", INDEX($C39:$G43, 6 - _xlfn.SEQUENCE(5), _xlfn.SEQUENCE(1,5)), AE38="180 Rotation", INDEX($C39:$G43, 6 - _xlfn.SEQUENCE(5), 6 - _xlfn.SEQUENCE(1,5)), AE38="90 CW", INDEX($C39:$G43, 6 - _xlfn.SEQUENCE(1,5), _xlfn.SEQUENCE(5)), AE38="90 CCW", INDEX($C39:$G43, _xlfn.SEQUENCE(1,5), 6 - _xlfn.SEQUENCE(5)), AE38="Shift Up", IF(_xlfn.SEQUENCE(5)+1<=5, INDEX($C39:$G43, _xlfn.SEQUENCE(5)+1, _xlfn.SEQUENCE(1,5)), 0), AE38="Shift Down", IF(_xlfn.SEQUENCE(5)-1>=1, INDEX($C39:$G43, _xlfn.SEQUENCE(5)-1, _xlfn.SEQUENCE(1,5)), 0), AE38="Shift Left", IF(_xlfn.SEQUENCE(1,5)+1<=5, INDEX($C39:$G43, _xlfn.SEQUENCE(5), _xlfn.SEQUENCE(1,5)+1),0), AE38= "Shift Right", IF(_xlfn.SEQUENCE(1,5)-1>=1, INDEX($C39:$G43, _xlfn.SEQUENCE(5), _xlfn.SEQUENCE(1,5)-1), 0), AE38="Noise", _xlfn.MAP($C39:$G43 + (_xlfn.RANDARRAY(ROWS($C39:$G43), COLUMNS($C39:$G43)) - 0.5) * 0.4, _xlfn.LAMBDA(_xlpm.x, MAX(0, MIN(1, _xlpm.x)))))} -> 0.42874909 | AF39: 1 | AG39: 1 | AH39: 1 | AI39: 0.16412148 | AL39: {=_xlfn.IFS(AL38="None", $C39:$G43*0, AL38="Horizontal Flip", INDEX($C39:$G43, _xlfn.SEQUENCE(5), 6 - _xlfn.SEQUENCE(1,5)), AL38="Vertical Flip", INDEX($C39:$G43, 6 - _xlfn.SEQUENCE(5), _xlfn.SEQUENCE(1,5)), AL38="180 Rotation", INDEX($C39:$G43, 6 - _xlfn.SEQUENCE(5), 6 - _xlfn.SEQUENCE(1,5)), AL38="90 CW", INDEX($C39:$G43, 6 - _xlfn.SEQUENCE(1,5), _xlfn.SEQUENCE(5)), AL38="90 CCW", INDEX($C39:$G43, _xlfn.SEQUENCE(1,5), 6 - _xlfn.SEQUENCE(5)), AL38="Shift Up", IF(_xlfn.SEQUENCE(5)+1<=5, INDEX($C39:$G43, _xlfn.SEQUENCE(5)+1, _xlfn.SEQUENCE(1,5)), 0), AL38="Shift Down", IF(_xlfn.SEQUENCE(5)-1>=1, INDEX($C39:$G43, _xlfn.SEQUENCE(5)-1, _xlfn.SEQUENCE(1,5)), 0), AL38="Shift Left", IF(_xlfn.SEQUENCE(1,5)+1<=5, INDEX($C39:$G43, _xlfn.SEQUENCE(5), _xlfn.SEQUENCE(1,5)+1),0), AL38= "Shift Right", IF(_xlfn.SEQUENCE(1,5)-1>=1, INDEX($C39:$G43, _xlfn.SEQUENCE(5), _xlfn.SEQUENCE(1,5)-1), 0), AL38="Noise", _xlfn.MAP($C39:$G43 + (_xlfn.RANDARRAY(ROWS($C39:$G43), COLUMNS($C39:$G43)) - 0.5) * 0.4, _xlfn.LAMBDA(_xlpm.x, MAX(0, MIN(1, _xlpm.x)))))} -> 0.23057421 | AM39: 1 | AN39: 1 | AO39: 1 | AP39: 0.60426403 | AS39: {=_xlfn.IFS(AS38="None", $C39:$G43*0, AS38="Horizontal Flip", INDEX($C39:$G43, _xlfn.SEQUENCE(5), 6 - _xlfn.SEQUENCE(1,5)), AS38="Vertical Flip", INDEX($C39:$G43, 6 - _xlfn.SEQUENCE(5), _xlfn.SEQUENCE(1,5)), AS38="180 Rotation", INDEX($C39:$G43, 6 - _xlfn.SEQUENCE(5), 6 - _xlfn.SEQUENCE(1,5)), AS38="90 CW", INDEX($C39:$G43, 6 - _xlfn.SEQUENCE(1,5), _xlfn.SEQUENCE(5)), AS38="90 CCW", INDEX($C39:$G43, _xlfn.SEQUENCE(1,5), 6 - _xlfn.SEQUENCE(5)), AS38="Shift Up", IF(_xlfn.SEQUENCE(5)+1<=5, INDEX($C39:$G43, _xlfn.SEQUENCE(5)+1, _xlfn.SEQUENCE(1,5)), 0), AS38="Shift Down", IF(_xlfn.SEQUENCE(5)-1>=1, INDEX($C39:$G43, _xlfn.SEQUENCE(5)-1, _xlfn.SEQUENCE(1,5)), 0), AS38="Shift Left", IF(_xlfn.SEQUENCE(1,5)+1<=5, INDEX($C39:$G43, _xlfn.SEQUENCE(5), _xlfn.SEQUENCE(1,5)+1),0), AS38= "Shift Right", IF(_xlfn.SEQUENCE(1,5)-1>=1, INDEX($C39:$G43, _xlfn.SEQUENCE(5), _xlfn.SEQUENCE(1,5)-1), 0), AS38="Noise", _xlfn.MAP($C39:$G43 + (_xlfn.RANDARRAY(ROWS($C39:$G43), COLUMNS($C39:$G43)) - 0.5) * 0.4, _xlfn.LAMBDA(_xlpm.x, MAX(0, MIN(1, _xlpm.x)))))} -> 0.45070921 | AT39: 1 | AU39: 1 | AV39: 1 | AW39: 0.52047149 | AZ39: {=_xlfn.IFS(AZ38="None", $C39:$G43*0, AZ38="Horizontal Flip", INDEX($C39:$G43, _xlfn.SEQUENCE(5), 6 - _xlfn.SEQUENCE(1,5)), AZ38="Vertical Flip", INDEX($C39:$G43, 6 - _xlfn.SEQUENCE(5), _xlfn.SEQUENCE(1,5)), AZ38="180 Rotation", INDEX($C39:$G43, 6 - _xlfn.SEQUENCE(5), 6 - _xlfn.SEQUENCE(1,5)), AZ38="90 CW", INDEX($C39:$G43, 6 - _xlfn.SEQUENCE(1,5), _xlfn.SEQUENCE(5)), AZ38="90 CCW", INDEX($C39:$G43, _xlfn.SEQUENCE(1,5), 6 - _xlfn.SEQUENCE(5)), AZ38="Shift Up", IF(_xlfn.SEQUENCE(5)+1<=5, INDEX($C39:$G43, _xlfn.SEQUENCE(5)+1, _xlfn.SEQUENCE(1,5)), 0), AZ38="Shift Down", IF(_xlfn.SEQUENCE(5)-1>=1, INDEX($C39:$G43, _xlfn.SEQUENCE(5)-1, _xlfn.SEQUENCE(1,5)), 0), AZ38="Shift Left", IF(_xlfn.SEQUENCE(1,5)+1<=5, INDEX($C39:$G43, _xlfn.SEQUENCE(5), _xlfn.SEQUENCE(1,5)+1),0), AZ38= "Shift Right", IF(_xlfn.SEQUENCE(1,5)-1>=1, INDEX($C39:$G43, _xlfn.SEQUENCE(5), _xlfn.SEQUENCE(1,5)-1), 0), AZ38="Noise", _xlfn.MAP($C39:$G43 + (_xlfn.RANDARRAY(ROWS($C39:$G43), COLUMNS($C39:$G43)) - 0.5) * 0.4, _xlfn.LAMBDA(_xlpm.x, MAX(0, MIN(1, _xlpm.x)))))} -> 1 | BA39: 1 | BB39: 1 | BC39: 0.23057421 | BD39: 0 | BG39: {=_xlfn.IFS(BG38="None", $C39:$G43*0, BG38="Horizontal Flip", INDEX($C39:$G43, _xlfn.SEQUENCE(5), 6 - _xlfn.SEQUENCE(1,5)), BG38="Vertical Flip", INDEX($C39:$G43, 6 - _xlfn.SEQUENCE(5), _xlfn.SEQUENCE(1,5)), BG38="180 Rotation", INDEX($C39:$G43, 6 - _xlfn.SEQUENCE(5), 6 - _xlfn.SEQUENCE(1,5)), BG38="90 CW", INDEX($C39:$G43, 6 - _xlfn.SEQUENCE(1,5), _xlfn.SEQUENCE(5)), BG38="90 CCW", INDEX($C39:$G43, _xlfn.SEQUENCE(1,5), 6 - _xlfn.SEQUENCE(5)), BG38="Shift Up", IF(_xlfn.SEQUENCE(5)+1<=5, INDEX($C39:$G43, _xlfn.SEQUENCE(5)+1, _xlfn.SEQUENCE(1,5)), 0), BG38="Shift Down", IF(_xlfn.SEQUENCE(5)-1>=1, INDEX($C39:$G43, _xlfn.SEQUENCE(5)-1, _xlfn.SEQUENCE(1,5)), 0), BG38="Shift Left", IF(_xlfn.SEQUENCE(1,5)+1<=5, INDEX($C39:$G43, _xlfn.SEQUENCE(5), _xlfn.SEQUENCE(1,5)+1),0), BG38= "Shift Right", IF(_xlfn.SEQUENCE(1,5)-1>=1, INDEX($C39:$G43, _xlfn.SEQUENCE(5), _xlfn.SEQUENCE(1,5)-1), 0), BG38="Noise", _xlfn.MAP($C39:$G43 + (_xlfn.RANDARRAY(ROWS($C39:$G43), COLUMNS($C39:$G43)) - 0.5) * 0.4, _xlfn.LAMBDA(_xlpm.x, MAX(0, MIN(1, _xlpm.x)))))} -> 0.15814065 | BH39: 1 | BI39: 0.19063535 | BJ39: 0.34958417 | BK39: 0.51323825 | BN39: {=_xlfn.IFS(BN38="None", $C39:$G43*0, BN38="Horizontal Flip", INDEX($C39:$G43, _xlfn.SEQUENCE(5), 6 - _xlfn.SEQUENCE(1,5)), BN38="Vertical Flip", INDEX($C39:$G43, 6 - _xlfn.SEQUENCE(5), _xlfn.SEQUENCE(1,5)), BN38="180 Rotation", INDEX($C39:$G43, 6 - _xlfn.SEQUENCE(5), 6 - _xlfn.SEQUENCE(1,5)), BN38="90 CW", INDEX($C39:$G43, 6 - _xlfn.SEQUENCE(1,5), _xlfn.SEQUENCE(5)), BN38="90 CCW", INDEX($C39:$G43, _xlfn.SEQUENCE(1,5), 6 - _xlfn.SEQUENCE(5)), BN38="Shift Up", IF(_xlfn.SEQUENCE(5)+1<=5, INDEX($C39:$G43, _xlfn.SEQUENCE(5)+1, _xlfn.SEQUENCE(1,5)), 0), BN38="Shift Down", IF(_xlfn.SEQUENCE(5)-1>=1, INDEX($C39:$G43, _xlfn.SEQUENCE(5)-1, _xlfn.SEQUENCE(1,5)), 0), BN38="Shift Left", IF(_xlfn.SEQUENCE(1,5)+1<=5, INDEX($C39:$G43, _xlfn.SEQUENCE(5), _xlfn.SEQUENCE(1,5)+1),0), BN38= "Shift Right", IF(_xlfn.SEQUENCE(1,5)-1>=1, INDEX($C39:$G43, _xlfn.SEQUENCE(5), _xlfn.SEQUENCE(1,5)-1), 0), BN38="Noise", _xlfn.MAP($C39:$G43 + (_xlfn.RANDARRAY(ROWS($C39:$G43), COLUMNS($C39:$G43)) - 0.5) * 0.4, _xlfn.LAMBDA(_xlpm.x, MAX(0, MIN(1, _xlpm.x)))))} -> 0.52047149 | BO39: 0.54181176 | BP39: 0.26963243 | BQ39: 0.15814065 | BR39: 0.60426403 | BU39: {=_xlfn.IFS(BU38="None", $C39:$G43*0, BU38="Horizontal Flip", INDEX($C39:$G43, _xlfn.SEQUENCE(5), 6 - _xlfn.SEQUENCE(1,5)), BU38="Vertical Flip", INDEX($C39:$G43, 6 - _xlfn.SEQUENCE(5), _xlfn.SEQUENCE(1,5)), BU38="180 Rotation", INDEX($C39:$G43, 6 - _xlfn.SEQUENCE(5), 6 - _xlfn.SEQUENCE(1,5)), BU38="90 CW", INDEX($C39:$G43, 6 - _xlfn.SEQUENCE(1,5), _xlfn.SEQUENCE(5)), BU38="90 CCW", INDEX($C39:$G43, _xlfn.SEQUENCE(1,5), 6 - _xlfn.SEQUENCE(5)), BU38="Shift Up", IF(_xlfn.SEQUENCE(5)+1<=5, INDEX($C39:$G43, _xlfn.SEQUENCE(5)+1, _xlfn.SEQUENCE(1,5)), 0), BU38="Shift Down", IF(_xlfn.SEQUENCE(5)-1>=1, INDEX($C39:$G43, _xlfn.SEQUENCE(5)-1, _xlfn.SEQUENCE(1,5)), 0), BU38="Shift Left", IF(_xlfn.SEQUENCE(1,5)+1<=5, INDEX($C39:$G43, _xlfn.SEQUENCE(5), _xlfn.SEQUENCE(1,5)+1),0), BU38= "Shift Right", IF(_xlfn.SEQUENCE(1,5)-1>=1, INDEX($C39:$G43, _xlfn.SEQUENCE(5), _xlfn.SEQUENCE(1,5)-1), 0), BU38="Noise", _xlfn.MAP($C39:$G43 + (_xlfn.RANDARRAY(ROWS($C39:$G43), COLUMNS($C39:$G43)) - 0.5) * 0.4, _xlfn.LAMBDA(_xlpm.x, MAX(0, MIN(1, _xlpm.x)))))} -> 0 | BV39: 0.60426403 | BW39: 1 | BX39: 1 | BY39: 1
C40: 0.15814065 | D40: 1 | E40: 0.19063535 | F40: 0.34958417 | G40: 0.51323825 | J40: 0.60426403 | K40: 1 | L40: 1 | M40: 1 | N40: 0.23057421 | Q40: 0.54181176 | R40: 0.51168129 | S40: 0.2939152 | T40: 1 | U40: 0.4383347 | X40: 1 | Y40: 0.34958417 | Z40: 1 | AA40: 1 | AB40: 1 | AE40: 0.11519544 | AF40: 1 | AG40: 0.073361529 | AH40: 0.449012 | AI40: 0.68018294 | AL40: 0.51323825 | AM40: 0.34958417 | AN40: 0.19063535 | AO40: 1 | AP40: 0.15814065 | AS40: 0.4383347 | AT40: 1 | AU40: 0.2939152 | AV40: 0.51168129 | AW40: 0.54181176 | AZ40: 1 | BA40: 0.19063535 | BB40: 0.34958417 | BC40: 0.51323825 | BD40: 0 | BG40: 0.26963243 | BH40: 1 | BI40: 1 | BJ40: 1 | BK40: 0.36518621 | BN40: 1 | BO40: 0.51168129 | BP40: 1 | BQ40: 1 | BR40: 1 | BU40: 0 | BV40: 0.15814065 | BW40: 1 | BX40: 0.19063535 | BY40: 0.34958417
C41: 0.26963243 | D41: 1 | E41: 1 | F41: 1 | G41: 0.36518621 | J41: 0.15814065 | K41: 1 | L41: 0.19063535 | M41: 0.34958417 | N41: 0.51323825 | Q41: 0.26963243 | R41: 1 | S41: 1 | T41: 1 | U41: 0.36518621 | X41: 1 | Y41: 0.19063535 | Z41: 1 | AA41: 0.2939152 | AB41: 1 | AE41: 0.18034481 | AF41: 0.81647823 | AG41: 0.93538815 | AH41: 0.94146604 | AI41: 0.4622395 | AL41: 0.36518621 | AM41: 1 | AN41: 1 | AO41: 1 | AP41: 0.26963243 | AS41: 0.36518621 | AT41: 1 | AU41: 1 | AV41: 1 | AW41: 0.26963243 | AZ41: 1 | BA41: 1 | BB41: 1 | BC41: 0.36518621 | BD41: 0 | BG41: 0.54181176 | BH41: 0.51168129 | BI41: 0.2939152 | BJ41: 1 | BK41: 0.4383347 | BN41: 1 | BO41: 0.2939152 | BP41: 1 | BQ41: 0.19063535 | BR41: 1 | BU41: 0 | BV41: 0.26963243 | BW41: 1 | BX41: 1 | BY41: 1
C42: 0.54181176 | D42: 0.51168129 | E42: 0.2939152 | F42: 1 | G42: 0.4383347 | J42: 0.26963243 | K42: 1 | L42: 1 | M42: 1 | N42: 0.36518621 | Q42: 0.15814065 | R42: 1 | S42: 0.19063535 | T42: 0.34958417 | U42: 0.51323825 | X42: 1 | Y42: 1 | Z42: 1 | AA42: 0.51168129 | AB42: 1 | AE42: 0.46902994 | AF42: 0.34370215 | AG42: 0.39891766 | AH42: 0.94031246 | AI42: 0.57695586 | AL42: 0.4383347 | AM42: 1 | AN42: 0.2939152 | AO42: 0.51168129 | AP42: 0.54181176 | AS42: 0.51323825 | AT42: 0.34958417 | AU42: 0.19063535 | AV42: 1 | AW42: 0.15814065 | AZ42: 0.51168129 | BA42: 0.2939152 | BB42: 1 | BC42: 0.4383347 | BD42: 0 | BG42: 0.52047149 | BH42: 1 | BI42: 1 | BJ42: 1 | BK42: 0.45070921 | BN42: 1 | BO42: 1 | BP42: 1 | BQ42: 0.34958417 | BR42: 1 | BU42: 0 | BV42: 0.54181176 | BW42: 0.51168129 | BX42: 0.2939152 | BY42: 1
C43: 0.52047149 | D43: 1 | E43: 1 | F43: 1 | G43: 0.45070921 | J43: 0.54181176 | K43: 0.51168129 | L43: 0.2939152 | M43: 1 | N43: 0.4383347 | Q43: 0.60426403 | R43: 1 | S43: 1 | T43: 1 | U43: 0.23057421 | X43: 0.60426403 | Y43: 0.15814065 | Z43: 0.26963243 | AA43: 0.54181176 | AB43: 0.52047149 | AE43: 0.64646565 | AF43: 1 | AG43: 1 | AH43: 1 | AI43: 0.27949566 | AL43: 0.45070921 | AM43: 1 | AN43: 1 | AO43: 1 | AP43: 0.52047149 | AS43: 0.23057421 | AT43: 1 | AU43: 1 | AV43: 1 | AW43: 0.60426403 | AZ43: 1 | BA43: 1 | BB43: 1 | BC43: 0.45070921 | BD43: 0 | BG43: 0 | BH43: 0 | BI43: 0 | BJ43: 0 | BK43: 0 | BN43: 0.45070921 | BO43: 0.4383347 | BP43: 0.36518621 | BQ43: 0.51323825 | BR43: 0.23057421 | BU43: 0 | BV43: 0.52047149 | BW43: 1 | BX43: 1 | BY43: 1
B45: 6 | C45: Original | J45: {=INDEX(Helper!$E$13:$E$22, OFFSET(Helper!$J$13,$B45,J$2))} -> Shift Down | Q45: {=INDEX(Helper!$E$13:$E$22, OFFSET(Helper!$J$13,$B45,Q$2))} -> Noise | X45: {=INDEX(Helper!$E$13:$E$22, OFFSET(Helper!$J$13,$B45,X$2))} -> Shift Up | AE45: {=INDEX(Helper!$E$13:$E$22, OFFSET(Helper!$J$13,$B45,AE$2))} -> 90 CCW | AL45: {=INDEX(Helper!$E$13:$E$22, OFFSET(Helper!$J$13,$B45,AL$2))} -> 90 CW | AS45: {=INDEX(Helper!$E$13:$E$22, OFFSET(Helper!$J$13,$B45,AS$2))} -> Shift Right | AZ45: {=INDEX(Helper!$E$13:$E$22, OFFSET(Helper!$J$13,$B45,AZ$2))} -> Shift Left | BG45: {=INDEX(Helper!$E$13:$E$22, OFFSET(Helper!$J$13,$B45,BG$2))} -> Horizontal Flip | BN45: {=INDEX(Helper!$E$13:$E$22, OFFSET(Helper!$J$13,$B45,BN$2))} -> Vertical Flip | BU45: {=INDEX(Helper!$E$13:$E$22, OFFSET(Helper!$J$13,$B45,BU$2))} -> 180 Rotation
C46: 0.27958189 | D46: 1 | E46: 1 | F46: 1 | G46: 0.27526417 | J46: {=_xlfn.IFS(J45="None", $C46:$G50*0, J45="Horizontal Flip", INDEX($C46:$G50, _xlfn.SEQUENCE(5), 6 - _xlfn.SEQUENCE(1,5)), J45="Vertical Flip", INDEX($C46:$G50, 6 - _xlfn.SEQUENCE(5), _xlfn.SEQUENCE(1,5)), J45="180 Rotation", INDEX($C46:$G50, 6 - _xlfn.SEQUENCE(5), 6 - _xlfn.SEQUENCE(1,5)), J45="90 CW", INDEX($C46:$G50, 6 - _xlfn.SEQUENCE(1,5), _xlfn.SEQUENCE(5)), J45="90 CCW", INDEX($C46:$G50, _xlfn.SEQUENCE(1,5), 6 - _xlfn.SEQUENCE(5)), J45="Shift Up", IF(_xlfn.SEQUENCE(5)+1<=5, INDEX($C46:$G50, _xlfn.SEQUENCE(5)+1, _xlfn.SEQUENCE(1,5)), 0), J45="Shift Down", IF(_xlfn.SEQUENCE(5)-1>=1, INDEX($C46:$G50, _xlfn.SEQUENCE(5)-1, _xlfn.SEQUENCE(1,5)), 0), J45="Shift Left", IF(_xlfn.SEQUENCE(1,5)+1<=5, INDEX($C46:$G50, _xlfn.SEQUENCE(5), _xlfn.SEQUENCE(1,5)+1),0), J45= "Shift Right", IF(_xlfn.SEQUENCE(1,5)-1>=1, INDEX($C46:$G50, _xlfn.SEQUENCE(5), _xlfn.SEQUENCE(1,5)-1), 0), J45="Noise", _xlfn.MAP($C46:$G50 + (_xlfn.RANDARRAY(ROWS($C46:$G50), COLUMNS($C46:$G50)) - 0.5) * 0.4, _xlfn.LAMBDA(_xlpm.x, MAX(0, MIN(1, _xlpm.x)))))} -> 0 | K46: 0 | L46: 0 | M46: 0 | N46: 0 | Q46: {=_xlfn.IFS(Q45="None", $C46:$G50*0, Q45="Horizontal Flip", INDEX($C46:$G50, _xlfn.SEQUENCE(5), 6 - _xlfn.SEQUENCE(1,5)), Q45="Vertical Flip", INDEX($C46:$G50, 6 - _xlfn.SEQUENCE(5), _xlfn.SEQUENCE(1,5)), Q45="180 Rotation", INDEX($C46:$G50, 6 - _xlfn.SEQUENCE(5), 6 - _xlfn.SEQUENCE(1,5)), Q45="90 CW", INDEX($C46:$G50, 6 - _xlfn.SEQUENCE(1,5), _xlfn.SEQUENCE(5)), Q45="90 CCW", INDEX($C46:$G50, _xlfn.SEQUENCE(1,5), 6 - _xlfn.SEQUENCE(5)), Q45="Shift Up", IF(_xlfn.SEQUENCE(5)+1<=5, INDEX($C46:$G50, _xlfn.SEQUENCE(5)+1, _xlfn.SEQUENCE(1,5)), 0), Q45="Shift Down", IF(_xlfn.SEQUENCE(5)-1>=1, INDEX($C46:$G50, _xlfn.SEQUENCE(5)-1, _xlfn.SEQUENCE(1,5)), 0), Q45="Shift Left", IF(_xlfn.SEQUENCE(1,5)+1<=5, INDEX($C46:$G50, _xlfn.SEQUENCE(5), _xlfn.SEQUENCE(1,5)+1),0), Q45= "Shift Right", IF(_xlfn.SEQUENCE(1,5)-1>=1, INDEX($C46:$G50, _xlfn.SEQUENCE(5), _xlfn.SEQUENCE(1,5)-1), 0), Q45="Noise", _xlfn.MAP($C46:$G50 + (_xlfn.RANDARRAY(ROWS($C46:$G50), COLUMNS($C46:$G50)) - 0.5) * 0.4, _xlfn.LAMBDA(_xlpm.x, MAX(0, MIN(1, _xlpm.x)))))} -> 0.19974147 | R46: 0.84077146 | S46: 0.9908276 | T46: 0.96724989 | U46: 0.43049822 | X46: {=_xlfn.IFS(X45="None", $C46:$G50*0, X45="Horizontal Flip", INDEX($C46:$G50, _xlfn.SEQUENCE(5), 6 - _xlfn.SEQUENCE(1,5)), X45="Vertical Flip", INDEX($C46:$G50, 6 - _xlfn.SEQUENCE(5), _xlfn.SEQUENCE(1,5)), X45="180 Rotation", INDEX($C46:$G50, 6 - _xlfn.SEQUENCE(5), 6 - _xlfn.SEQUENCE(1,5)), X45="90 CW", INDEX($C46:$G50, 6 - _xlfn.SEQUENCE(1,5), _xlfn.SEQUENCE(5)), X45="90 CCW", INDEX($C46:$G50, _xlfn.SEQUENCE(1,5), 6 - _xlfn.SEQUENCE(5)), X45="Shift Up", IF(_xlfn.SEQUENCE(5)+1<=5, INDEX($C46:$G50, _xlfn.SEQUENCE(5)+1, _xlfn.SEQUENCE(1,5)), 0), X45="Shift Down", IF(_xlfn.SEQUENCE(5)-1>=1, INDEX($C46:$G50, _xlfn.SEQUENCE(5)-1, _xlfn.SEQUENCE(1,5)), 0), X45="Shift Left", IF(_xlfn.SEQUENCE(1,5)+1<=5, INDEX($C46:$G50, _xlfn.SEQUENCE(5), _xlfn.SEQUENCE(1,5)+1),0), X45= "Shift Right", IF(_xlfn.SEQUENCE(1,5)-1>=1, INDEX($C46:$G50, _xlfn.SEQUENCE(5), _xlfn.SEQUENCE(1,5)-1), 0), X45="Noise", _xlfn.MAP($C46:$G50 + (_xlfn.RANDARRAY(ROWS($C46:$G50), COLUMNS($C46:$G50)) - 0.5) * 0.4, _xlfn.LAMBDA(_xlpm.x, MAX(0, MIN(1, _xlpm.x)))))} -> 0.30234758 | Y46: 1 | Z46: 0.17677269 | AA46: 0.61378201 | AB46: 0.64463313 | AE46: {=_xlfn.IFS(AE45="None", $C46:$G50*0, AE45="Horizontal Flip", INDEX($C46:$G50, _xlfn.SEQUENCE(5), 6 - _xlfn.SEQUENCE(1,5)), AE45="Vertical Flip", INDEX($C46:$G50, 6 - _xlfn.SEQUENCE(5), _xlfn.SEQUENCE(1,5)), AE45="180 Rotation", INDEX($C46:$G50, 6 - _xlfn.SEQUENCE(5), 6 - _xlfn.SEQUENCE(1,5)), AE45="90 CW", INDEX($C46:$G50, 6 - _xlfn.SEQUENCE(1,5), _xlfn.SEQUENCE(5)), AE45="90 CCW", INDEX($C46:$G50, _xlfn.SEQUENCE(1,5), 6 - _xlfn.SEQUENCE(5)), AE45="Shift Up", IF(_xlfn.SEQUENCE(5)+1<=5, INDEX($C46:$G50, _xlfn.SEQUENCE(5)+1, _xlfn.SEQUENCE(1,5)), 0), AE45="Shift Down", IF(_xlfn.SEQUENCE(5)-1>=1, INDEX($C46:$G50, _xlfn.SEQUENCE(5)-1, _xlfn.SEQUENCE(1,5)), 0), AE45="Shift Left", IF(_xlfn.SEQUENCE(1,5)+1<=5, INDEX($C46:$G50, _xlfn.SEQUENCE(5), _xlfn.SEQUENCE(1,5)+1),0), AE45= "Shift Right", IF(_xlfn.SEQUENCE(1,5)-1>=1, INDEX($C46:$G50, _xlfn.SEQUENCE(5), _xlfn.SEQUENCE(1,5)-1), 0), AE45="Noise", _xlfn.MAP($C46:$G50 + (_xlfn.RANDARRAY(ROWS($C46:$G50), COLUMNS($C46:$G50)) - 0.5) * 0.4, _xlfn.LAMBDA(_xlpm.x, MAX(0, MIN(1, _xlpm.x)))))} -> 0.27526417 | AF46: 0.64463313 | AG46: 0.39771131 | AH46: 0.54916534 | AI46: 0.39052718 | AL46: {=_xlfn.IFS(AL45="None", $C46:$G50*0, AL45="Horizontal Flip", INDEX($C46:$G50, _xlfn.SEQUENCE(5), 6 - _xlfn.SEQUENCE(1,5)), AL45="Vertical Flip", INDEX($C46:$G50, 6 - _xlfn.SEQUENCE(5), _xlfn.SEQUENCE(1,5)), AL45="180 Rotation", INDEX($C46:$G50, 6 - _xlfn.SEQUENCE(5), 6 - _xlfn.SEQUENCE(1,5)), AL45="90 CW", INDEX($C46:$G50, 6 - _xlfn.SEQUENCE(1,5), _xlfn.SEQUENCE(5)), AL45="90 CCW", INDEX($C46:$G50, _xlfn.SEQUENCE(1,5), 6 - _xlfn.SEQUENCE(5)), AL45="Shift Up", IF(_xlfn.SEQUENCE(5)+1<=5, INDEX($C46:$G50, _xlfn.SEQUENCE(5)+1, _xlfn.SEQUENCE(1,5)), 0), AL45="Shift Down", IF(_xlfn.SEQUENCE(5)-1>=1, INDEX($C46:$G50, _xlfn.SEQUENCE(5)-1, _xlfn.SEQUENCE(1,5)), 0), AL45="Shift Left", IF(_xlfn.SEQUENCE(1,5)+1<=5, INDEX($C46:$G50, _xlfn.SEQUENCE(5), _xlfn.SEQUENCE(1,5)+1),0), AL45= "Shift Right", IF(_xlfn.SEQUENCE(1,5)-1>=1, INDEX($C46:$G50, _xlfn.SEQUENCE(5), _xlfn.SEQUENCE(1,5)-1), 0), AL45="Noise", _xlfn.MAP($C46:$G50 + (_xlfn.RANDARRAY(ROWS($C46:$G50), COLUMNS($C46:$G50)) - 0.5) * 0.4, _xlfn.LAMBDA(_xlpm.x, MAX(0, MIN(1, _xlpm.x)))))} -> 0.2698958 | AM46: 0.35415213 | AN46: 0.41492783 | AO46: 0.30234758 | AP46: 0.27958189 | AS46: {=_xlfn.IFS(AS45="None", $C46:$G50*0, AS45="Horizontal Flip", INDEX($C46:$G50, _xlfn.SEQUENCE(5), 6 - _xlfn.SEQUENCE(1,5)), AS45="Vertical Flip", INDEX($C46:$G50, 6 - _xlfn.SEQUENCE(5), _xlfn.SEQUENCE(1,5)), AS45="180 Rotation", INDEX($C46:$G50, 6 - _xlfn.SEQUENCE(5), 6 - _xlfn.SEQUENCE(1,5)), AS45="90 CW", INDEX($C46:$G50, 6 - _xlfn.SEQUENCE(1,5), _xlfn.SEQUENCE(5)), AS45="90 CCW", INDEX($C46:$G50, _xlfn.SEQUENCE(1,5), 6 - _xlfn.SEQUENCE(5)), AS45="Shift Up", IF(_xlfn.SEQUENCE(5)+1<=5, INDEX($C46:$G50, _xlfn.SEQUENCE(5)+1, _xlfn.SEQUENCE(1,5)), 0), AS45="Shift Down", IF(_xlfn.SEQUENCE(5)-1>=1, INDEX($C46:$G50, _xlfn.SEQUENCE(5)-1, _xlfn.SEQUENCE(1,5)), 0), AS45="Shift Left", IF(_xlfn.SEQUENCE(1,5)+1<=5, INDEX($C46:$G50, _xlfn.SEQUENCE(5), _xlfn.SEQUENCE(1,5)+1),0), AS45= "Shift Right", IF(_xlfn.SEQUENCE(1,5)-1>=1, INDEX($C46:$G50, _xlfn.SEQUENCE(5), _xlfn.SEQUENCE(1,5)-1), 0), AS45="Noise", _xlfn.MAP($C46:$G50 + (_xlfn.RANDARRAY(ROWS($C46:$G50), COLUMNS($C46:$G50)) - 0.5) * 0.4, _xlfn.LAMBDA(_xlpm.x, MAX(0, MIN(1, _xlpm.x)))))} -> 0 | AT46: 0.27958189 | AU46: 1 | AV46: 1 | AW46: 1 | AZ46: {=_xlfn.IFS(AZ45="None", $C46:$G50*0, AZ45="Horizontal Flip", INDEX($C46:$G50, _xlfn.SEQUENCE(5), 6 - _xlfn.SEQUENCE(1,5)), AZ45="Vertical Flip", INDEX($C46:$G50, 6 - _xlfn.SEQUENCE(5), _xlfn.SEQUENCE(1,5)), AZ45="180 Rotation", INDEX($C46:$G50, 6 - _xlfn.SEQUENCE(5), 6 - _xlfn.SEQUENCE(1,5)), AZ45="90 CW", INDEX($C46:$G50, 6 - _xlfn.SEQUENCE(1,5), _xlfn.SEQUENCE(5)), AZ45="90 CCW", INDEX($C46:$G50, _xlfn.SEQUENCE(1,5), 6 - _xlfn.SEQUENCE(5)), AZ45="Shift Up", IF(_xlfn.SEQUENCE(5)+1<=5, INDEX($C46:$G50, _xlfn.SEQUENCE(5)+1, _xlfn.SEQUENCE(1,5)), 0), AZ45="Shift Down", IF(_xlfn.SEQUENCE(5)-1>=1, INDEX($C46:$G50, _xlfn.SEQUENCE(5)-1, _xlfn.SEQUENCE(1,5)), 0), AZ45="Shift Left", IF(_xlfn.SEQUENCE(1,5)+1<=5, INDEX($C46:$G50, _xlfn.SEQUENCE(5), _xlfn.SEQUENCE(1,5)+1),0), AZ45= "Shift Right", IF(_xlfn.SEQUENCE(1,5)-1>=1, INDEX($C46:$G50, _xlfn.SEQUENCE(5), _xlfn.SEQUENCE(1,5)-1), 0), AZ45="Noise", _xlfn.MAP($C46:$G50 + (_xlfn.RANDARRAY(ROWS($C46:$G50), COLUMNS($C46:$G50)) - 0.5) * 0.4, _xlfn.LAMBDA(_xlpm.x, MAX(0, MIN(1, _xlpm.x)))))} -> 1 | BA46: 1 | BB46: 1 | BC46: 0.27526417 | BD46: 0 | BG46: {=_xlfn.IFS(BG45="None", $C46:$G50*0, BG45="Horizontal Flip", INDEX($C46:$G50, _xlfn.SEQUENCE(5), 6 - _xlfn.SEQUENCE(1,5)), BG45="Vertical Flip", INDEX($C46:$G50, 6 - _xlfn.SEQUENCE(5), _xlfn.SEQUENCE(1,5)), BG45="180 Rotation", INDEX($C46:$G50, 6 - _xlfn.SEQUENCE(5), 6 - _xlfn.SEQUENCE(1,5)), BG45="90 CW", INDEX($C46:$G50, 6 - _xlfn.SEQUENCE(1,5), _xlfn.SEQUENCE(5)), BG45="90 CCW", INDEX($C46:$G50, _xlfn.SEQUENCE(1,5), 6 - _xlfn.SEQUENCE(5)), BG45="Shift Up", IF(_xlfn.SEQUENCE(5)+1<=5, INDEX($C46:$G50, _xlfn.SEQUENCE(5)+1, _xlfn.SEQUENCE(1,5)), 0), BG45="Shift Down", IF(_xlfn.SEQUENCE(5)-1>=1, INDEX($C46:$G50, _xlfn.SEQUENCE(5)-1, _xlfn.SEQUENCE(1,5)), 0), BG45="Shift Left", IF(_xlfn.SEQUENCE(1,5)+1<=5, INDEX($C46:$G50, _xlfn.SEQUENCE(5), _xlfn.SEQUENCE(1,5)+1),0), BG45= "Shift Right", IF(_xlfn.SEQUENCE(1,5)-1>=1, INDEX($C46:$G50, _xlfn.SEQUENCE(5), _xlfn.SEQUENCE(1,5)-1), 0), BG45="Noise", _xlfn.MAP($C46:$G50 + (_xlfn.RANDARRAY(ROWS($C46:$G50), COLUMNS($C46:$G50)) - 0.5) * 0.4, _xlfn.LAMBDA(_xlpm.x, MAX(0, MIN(1, _xlpm.x)))))} -> 0.27526417 | BH46: 1 | BI46: 1 | BJ46: 1 | BK46: 0.27958189 | BN46: {=_xlfn.IFS(BN45="None", $C46:$G50*0, BN45="Horizontal Flip", INDEX($C46:$G50, _xlfn.SEQUENCE(5), 6 - _xlfn.SEQUENCE(1,5)), BN45="Vertical Flip", INDEX($C46:$G50, 6 - _xlfn.SEQUENCE(5), _xlfn.SEQUENCE(1,5)), BN45="180 Rotation", INDEX($C46:$G50, 6 - _xlfn.SEQUENCE(5), 6 - _xlfn.SEQUENCE(1,5)), BN45="90 CW", INDEX($C46:$G50, 6 - _xlfn.SEQUENCE(1,5), _xlfn.SEQUENCE(5)), BN45="90 CCW", INDEX($C46:$G50, _xlfn.SEQUENCE(1,5), 6 - _xlfn.SEQUENCE(5)), BN45="Shift Up", IF(_xlfn.SEQUENCE(5)+1<=5, INDEX($C46:$G50, _xlfn.SEQUENCE(5)+1, _xlfn.SEQUENCE(1,5)), 0), BN45="Shift Down", IF(_xlfn.SEQUENCE(5)-1>=1, INDEX($C46:$G50, _xlfn.SEQUENCE(5)-1, _xlfn.SEQUENCE(1,5)), 0), BN45="Shift Left", IF(_xlfn.SEQUENCE(1,5)+1<=5, INDEX($C46:$G50, _xlfn.SEQUENCE(5), _xlfn.SEQUENCE(1,5)+1),0), BN45= "Shift Right", IF(_xlfn.SEQUENCE(1,5)-1>=1, INDEX($C46:$G50, _xlfn.SEQUENCE(5), _xlfn.SEQUENCE(1,5)-1), 0), BN45="Noise", _xlfn.MAP($C46:$G50 + (_xlfn.RANDARRAY(ROWS($C46:$G50), COLUMNS($C46:$G50)) - 0.5) * 0.4, _xlfn.LAMBDA(_xlpm.x, MAX(0, MIN(1, _xlpm.x)))))} -> 0.2698958 | BO46: 1 | BP46: 1 | BQ46: 1 | BR46: 0.39052718 | BU46: {=_xlfn.IFS(BU45="None", $C46:$G50*0, BU45="Horizontal Flip", INDEX($C46:$G50, _xlfn.SEQUENCE(5), 6 - _xlfn.SEQUENCE(1,5)), BU45="Vertical Flip", INDEX($C46:$G50, 6 - _xlfn.SEQUENCE(5), _xlfn.SEQUENCE(1,5)), BU45="180 Rotation", INDEX($C46:$G50, 6 - _xlfn.SEQUENCE(5), 6 - _xlfn.SEQUENCE(1,5)), BU45="90 CW", INDEX($C46:$G50, 6 - _xlfn.SEQUENCE(1,5), _xlfn.SEQUENCE(5)), BU45="90 CCW", INDEX($C46:$G50, _xlfn.SEQUENCE(1,5), 6 - _xlfn.SEQUENCE(5)), BU45="Shift Up", IF(_xlfn.SEQUENCE(5)+1<=5, INDEX($C46:$G50, _xlfn.SEQUENCE(5)+1, _xlfn.SEQUENCE(1,5)), 0), BU45="Shift Down", IF(_xlfn.SEQUENCE(5)-1>=1, INDEX($C46:$G50, _xlfn.SEQUENCE(5)-1, _xlfn.SEQUENCE(1,5)), 0), BU45="Shift Left", IF(_xlfn.SEQUENCE(1,5)+1<=5, INDEX($C46:$G50, _xlfn.SEQUENCE(5), _xlfn.SEQUENCE(1,5)+1),0), BU45= "Shift Right", IF(_xlfn.SEQUENCE(1,5)-1>=1, INDEX($C46:$G50, _xlfn.SEQUENCE(5), _xlfn.SEQUENCE(1,5)-1), 0), BU45="Noise", _xlfn.MAP($C46:$G50 + (_xlfn.RANDARRAY(ROWS($C46:$G50), COLUMNS($C46:$G50)) - 0.5) * 0.4, _xlfn.LAMBDA(_xlpm.x, MAX(0, MIN(1, _xlpm.x)))))} -> 0.39052718 | BV46: 1 | BW46: 1 | BX46: 1 | BY46: 0.2698958
C47: 0.30234758 | D47: 1 | E47: 0.17677269 | F47: 0.61378201 | G47: 0.64463313 | J47: 0.27958189 | K47: 1 | L47: 1 | M47: 1 | N47: 0.27526417 | Q47: 0.28557613 | R47: 1 | S47: 0.15687845 | T47: 0.43661659 | U47: 0.60790563 | X47: 0.41492783 | Y47: 1 | Z47: 1 | AA47: 1 | AB47: 0.39771131 | AE47: 1 | AF47: 0.61378201 | AG47: 1 | AH47: 1 | AI47: 1 | AL47: 1 | AM47: 1 | AN47: 1 | AO47: 1 | AP47: 1 | AS47: 0 | AT47: 0.30234758 | AU47: 1 | AV47: 0.17677269 | AW47: 0.61378201 | AZ47: 1 | BA47: 0.17677269 | BB47: 0.61378201 | BC47: 0.64463313 | BD47: 0 | BG47: 0.64463313 | BH47: 0.61378201 | BI47: 0.17677269 | BJ47: 1 | BK47: 0.30234758 | BN47: 0.35415213 | BO47: 1 | BP47: 0.45663546 | BQ47: 1 | BR47: 0.54916534 | BU47: 0.54916534 | BV47: 1 | BW47: 0.45663546 | BX47: 1 | BY47: 0.35415213
C48: 0.41492783 | D48: 1 | E48: 1 | F48: 1 | G48: 0.39771131 | J48: 0.30234758 | K48: 1 | L48: 0.17677269 | M48: 0.61378201 | N48: 0.64463313 | Q48: 0.43848442 | R48: 1 | S48: 0.84014368 | T48: 1 | U48: 0.2822064 | X48: 0.35415213 | Y48: 1 | Z48: 0.45663546 | AA48: 1 | AB48: 0.54916534 | AE48: 1 | AF48: 0.17677269 | AG48: 1 | AH48: 0.45663546 | AI48: 1 | AL48: 1 | AM48: 0.45663546 | AN48: 1 | AO48: 0.17677269 | AP48: 1 | AS48: 0 | AT48: 0.41492783 | AU48: 1 | AV48: 1 | AW48: 1 | AZ48: 1 | BA48: 1 | BB48: 1 | BC48: 0.39771131 | BD48: 0 | BG48: 0.39771131 | BH48: 1 | BI48: 1 | BJ48: 1 | BK48: 0.41492783 | BN48: 0.41492783 | BO48: 1 | BP48: 1 | BQ48: 1 | BR48: 0.39771131 | BU48: 0.39771131 | BV48: 1 | BW48: 1 | BX48: 1 | BY48: 0.41492783
C49: 0.35415213 | D49: 1 | E49: 0.45663546 | F49: 1 | G49: 0.54916534 | J49: 0.41492783 | K49: 1 | L49: 1 | M49: 1 | N49: 0.39771131 | Q49: 0.34948321 | R49: 1 | S49: 0.57618398 | T49: 1 | U49: 0.54485994 | X49: 0.2698958 | Y49: 1 | Z49: 1 | AA49: 1 | AB49: 0.39052718 | AE49: 1 | AF49: 1 | AG49: 1 | AH49: 1 | AI49: 1 | AL49: 1 | AM49: 1 | AN49: 1 | AO49: 0.61378201 | AP49: 1 | AS49: 0 | AT49: 0.35415213 | AU49: 1 | AV49: 0.45663546 | AW49: 1 | AZ49: 1 | BA49: 0.45663546 | BB49: 1 | BC49: 0.54916534 | BD49: 0 | BG49: 0.54916534 | BH49: 1 | BI49: 0.45663546 | BJ49: 1 | BK49: 0.35415213 | BN49: 0.30234758 | BO49: 1 | BP49: 0.17677269 | BQ49: 0.61378201 | BR49: 0.64463313 | BU49: 0.64463313 | BV49: 0.61378201 | BW49: 0.17677269 | BX49: 1 | BY49: 0.30234758
C50: 0.2698958 | D50: 1 | E50: 1 | F50: 1 | G50: 0.39052718 | J50: 0.35415213 | K50: 1 | L50: 0.45663546 | M50: 1 | N50: 0.54916534 | Q50: 0.24685597 | R50: 1 | S50: 0.81187823 | T50: 0.84618559 | U50: 0.55772225 | X50: 0 | Y50: 0 | Z50: 0 | AA50: 0 | AB50: 0 | AE50: 0.27958189 | AF50: 0.30234758 | AG50: 0.41492783 | AH50: 0.35415213 | AI50: 0.2698958 | AL50: 0.39052718 | AM50: 0.54916534 | AN50: 0.39771131 | AO50: 0.64463313 | AP50: 0.27526417 | AS50: 0 | AT50: 0.2698958 | AU50: 1 | AV50: 1 | AW50: 1 | AZ50: 1 | BA50: 1 | BB50: 1 | BC50: 0.39052718 | BD50: 0 | BG50: 0.39052718 | BH50: 1 | BI50: 1 | BJ50: 1 | BK50: 0.2698958 | BN50: 0.27958189 | BO50: 1 | BP50: 1 | BQ50: 1 | BR50: 0.27526417 | BU50: 0.27526417 | BV50: 1 | BW50: 1 | BX50: 1 | BY50: 0.27958189
B52: 7 | C52: Original | J52: {=INDEX(Helper!$E$13:$E$22, OFFSET(Helper!$J$13,$B52,J$2))} -> 180 Rotation | Q52: {=INDEX(Helper!$E$13:$E$22, OFFSET(Helper!$J$13,$B52,Q$2))} -> Horizontal Flip | X52: {=INDEX(Helper!$E$13:$E$22, OFFSET(Helper!$J$13,$B52,X$2))} -> Shift Up | AE52: {=INDEX(Helper!$E$13:$E$22, OFFSET(Helper!$J$13,$B52,AE$2))} -> 90 CW | AL52: {=INDEX(Helper!$E$13:$E$22, OFFSET(Helper!$J$13,$B52,AL$2))} -> Vertical Flip | AS52: {=INDEX(Helper!$E$13:$E$22, OFFSET(Helper!$J$13,$B52,AS$2))} -> Shift Right | AZ52: {=INDEX(Helper!$E$13:$E$22, OFFSET(Helper!$J$13,$B52,AZ$2))} -> Shift Left | BG52: {=INDEX(Helper!$E$13:$E$22, OFFSET(Helper!$J$13,$B52,BG$2))} -> Shift Down | BN52: {=INDEX(Helper!$E$13:$E$22, OFFSET(Helper!$J$13,$B52,BN$2))} -> 90 CCW | BU52: {=INDEX(Helper!$E$13:$E$22, OFFSET(Helper!$J$13,$B52,BU$2))} -> Noise
C53: 0.47051118 | D53: 1 | E53: 1 | F53: 1 | G53: 0.48322132 | J53: {=_xlfn.IFS(J52="None", $C53:$G57*0, J52="Horizontal Flip", INDEX($C53:$G57, _xlfn.SEQUENCE(5), 6 - _xlfn.SEQUENCE(1,5)), J52="Vertical Flip", INDEX($C53:$G57, 6 - _xlfn.SEQUENCE(5), _xlfn.SEQUENCE(1,5)), J52="180 Rotation", INDEX($C53:$G57, 6 - _xlfn.SEQUENCE(5), 6 - _xlfn.SEQUENCE(1,5)), J52="90 CW", INDEX($C53:$G57, 6 - _xlfn.SEQUENCE(1,5), _xlfn.SEQUENCE(5)), J52="90 CCW", INDEX($C53:$G57, _xlfn.SEQUENCE(1,5), 6 - _xlfn.SEQUENCE(5)), J52="Shift Up", IF(_xlfn.SEQUENCE(5)+1<=5, INDEX($C53:$G57, _xlfn.SEQUENCE(5)+1, _xlfn.SEQUENCE(1,5)), 0), J52="Shift Down", IF(_xlfn.SEQUENCE(5)-1>=1, INDEX($C53:$G57, _xlfn.SEQUENCE(5)-1, _xlfn.SEQUENCE(1,5)), 0), J52="Shift Left", IF(_xlfn.SEQUENCE(1,5)+1<=5, INDEX($C53:$G57, _xlfn.SEQUENCE(5), _xlfn.SEQUENCE(1,5)+1),0), J52= "Shift Right", IF(_xlfn.SEQUENCE(1,5)-1>=1, INDEX($C53:$G57, _xlfn.SEQUENCE(5), _xlfn.SEQUENCE(1,5)-1), 0), J52="Noise", _xlfn.MAP($C53:$G57 + (_xlfn.RANDARRAY(ROWS($C53:$G57), COLUMNS($C53:$G57)) - 0.5) * 0.4, _xlfn.LAMBDA(_xlpm.x, MAX(0, MIN(1, _xlpm.x)))))} -> 0.24099404 | K53: 1 | L53: 0.51041624 | M53: 0.57746286 | N53: 0.32833756 | Q53: {=_xlfn.IFS(Q52="None", $C53:$G57*0, Q52="Horizontal Flip", INDEX($C53:$G57, _xlfn.SEQUENCE(5), 6 - _xlfn.SEQUENCE(1,5)), Q52="Vertical Flip", INDEX($C53:$G57, 6 - _xlfn.SEQUENCE(5), _xlfn.SEQUENCE(1,5)), Q52="180 Rotation", INDEX($C53:$G57, 6 - _xlfn.SEQUENCE(5), 6 - _xlfn.SEQUENCE(1,5)), Q52="90 CW", INDEX($C53:$G57, 6 - _xlfn.SEQUENCE(1,5), _xlfn.SEQUENCE(5)), Q52="90 CCW", INDEX($C53:$G57, _xlfn.SEQUENCE(1,5), 6 - _xlfn.SEQUENCE(5)), Q52="Shift Up", IF(_xlfn.SEQUENCE(5)+1<=5, INDEX($C53:$G57, _xlfn.SEQUENCE(5)+1, _xlfn.SEQUENCE(1,5)), 0), Q52="Shift Down", IF(_xlfn.SEQUENCE(5)-1>=1, INDEX($C53:$G57, _xlfn.SEQUENCE(5)-1, _xlfn.SEQUENCE(1,5)), 0), Q52="Shift Left", IF(_xlfn.SEQUENCE(1,5)+1<=5, INDEX($C53:$G57, _xlfn.SEQUENCE(5), _xlfn.SEQUENCE(1,5)+1),0), Q52= "Shift Right", IF(_xlfn.SEQUENCE(1,5)-1>=1, INDEX($C53:$G57, _xlfn.SEQUENCE(5), _xlfn.SEQUENCE(1,5)-1), 0), Q52="Noise", _xlfn.MAP($C53:$G57 + (_xlfn.RANDARRAY(ROWS($C53:$G57), COLUMNS($C53:$G57)) - 0.5) * 0.4, _xlfn.LAMBDA(_xlpm.x, MAX(0, MIN(1, _xlpm.x)))))} -> 0.48322132 | R53: 1 | S53: 1 | T53: 1 | U53: 0.47051118 | X53: {=_xlfn.IFS(X52="None", $C53:$G57*0, X52="Horizontal Flip", INDEX($C53:$G57, _xlfn.SEQUENCE(5), 6 - _xlfn.SEQUENCE(1,5)), X52="Vertical Flip", INDEX($C53:$G57, 6 - _xlfn.SEQUENCE(5), _xlfn.SEQUENCE(1,5)), X52="180 Rotation", INDEX($C53:$G57, 6 - _xlfn.SEQUENCE(5), 6 - _xlfn.SEQUENCE(1,5)), X52="90 CW", INDEX($C53:$G57, 6 - _xlfn.SEQUENCE(1,5), _xlfn.SEQUENCE(5)), X52="90 CCW", INDEX($C53:$G57, _xlfn.SEQUENCE(1,5), 6 - _xlfn.SEQUENCE(5)), X52="Shift Up", IF(_xlfn.SEQUENCE(5)+1<=5, INDEX($C53:$G57, _xlfn.SEQUENCE(5)+1, _xlfn.SEQUENCE(1,5)), 0), X52="Shift Down", IF(_xlfn.SEQUENCE(5)-1>=1, INDEX($C53:$G57, _xlfn.SEQUENCE(5)-1, _xlfn.SEQUENCE(1,5)), 0), X52="Shift Left", IF(_xlfn.SEQUENCE(1,5)+1<=5, INDEX($C53:$G57, _xlfn.SEQUENCE(5), _xlfn.SEQUENCE(1,5)+1),0), X52= "Shift Right", IF(_xlfn.SEQUENCE(1,5)-1>=1, INDEX($C53:$G57, _xlfn.SEQUENCE(5), _xlfn.SEQUENCE(1,5)-1), 0), X52="Noise", _xlfn.MAP($C53:$G57 + (_xlfn.RANDARRAY(ROWS($C53:$G57), COLUMNS($C53:$G57)) - 0.5) * 0.4, _xlfn.LAMBDA(_xlpm.x, MAX(0, MIN(1, _xlpm.x)))))} -> 0.57333694 | Y53: 0.35439588 | Z53: 0.63927825 | AA53: 1 | AB53: 0.24257675 | AE53: {=_xlfn.IFS(AE52="None", $C53:$G57*0, AE52="Horizontal Flip", INDEX($C53:$G57, _xlfn.SEQUENCE(5), 6 - _xlfn.SEQUENCE(1,5)), AE52="Vertical Flip", INDEX($C53:$G57, 6 - _xlfn.SEQUENCE(5), _xlfn.SEQUENCE(1,5)), AE52="180 Rotation", INDEX($C53:$G57, 6 - _xlfn.SEQUENCE(5), 6 - _xlfn.SEQUENCE(1,5)), AE52="90 CW", INDEX($C53:$G57, 6 - _xlfn.SEQUENCE(1,5), _xlfn.SEQUENCE(5)), AE52="90 CCW", INDEX($C53:$G57, _xlfn.SEQUENCE(1,5), 6 - _xlfn.SEQUENCE(5)), AE52="Shift Up", IF(_xlfn.SEQUENCE(5)+1<=5, INDEX($C53:$G57, _xlfn.SEQUENCE(5)+1, _xlfn.SEQUENCE(1,5)), 0), AE52="Shift Down", IF(_xlfn.SEQUENCE(5)-1>=1, INDEX($C53:$G57, _xlfn.SEQUENCE(5)-1, _xlfn.SEQUENCE(1,5)), 0), AE52="Shift Left", IF(_xlfn.SEQUENCE(1,5)+1<=5, INDEX($C53:$G57, _xlfn.SEQUENCE(5), _xlfn.SEQUENCE(1,5)+1),0), AE52= "Shift Right", IF(_xlfn.SEQUENCE(1,5)-1>=1, INDEX($C53:$G57, _xlfn.SEQUENCE(5), _xlfn.SEQUENCE(1,5)-1), 0), AE52="Noise", _xlfn.MAP($C53:$G57 + (_xlfn.RANDARRAY(ROWS($C53:$G57), COLUMNS($C53:$G57)) - 0.5) * 0.4, _xlfn.LAMBDA(_xlpm.x, MAX(0, MIN(1, _xlpm.x)))))} -> 0.32833756 | AF53: 0.65436953 | AG53: 0.75499936 | AH53: 0.57333694 | AI53: 0.47051118 | AL53: {=_xlfn.IFS(AL52="None", $C53:$G57*0, AL52="Horizontal Flip", INDEX($C53:$G57, _xlfn.SEQUENCE(5), 6 - _xlfn.SEQUENCE(1,5)), AL52="Vertical Flip", INDEX($C53:$G57, 6 - _xlfn.SEQUENCE(5), _xlfn.SEQUENCE(1,5)), AL52="180 Rotation", INDEX($C53:$G57, 6 - _xlfn.SEQUENCE(5), 6 - _xlfn.SEQUENCE(1,5)), AL52="90 CW", INDEX($C53:$G57, 6 - _xlfn.SEQUENCE(1,5), _xlfn.SEQUENCE(5)), AL52="90 CCW", INDEX($C53:$G57, _xlfn.SEQUENCE(1,5), 6 - _xlfn.SEQUENCE(5)), AL52="Shift Up", IF(_xlfn.SEQUENCE(5)+1<=5, INDEX($C53:$G57, _xlfn.SEQUENCE(5)+1, _xlfn.SEQUENCE(1,5)), 0), AL52="Shift Down", IF(_xlfn.SEQUENCE(5)-1>=1, INDEX($C53:$G57, _xlfn.SEQUENCE(5)-1, _xlfn.SEQUENCE(1,5)), 0), AL52="Shift Left", IF(_xlfn.SEQUENCE(1,5)+1<=5, INDEX($C53:$G57, _xlfn.SEQUENCE(5), _xlfn.SEQUENCE(1,5)+1),0), AL52= "Shift Right", IF(_xlfn.SEQUENCE(1,5)-1>=1, INDEX($C53:$G57, _xlfn.SEQUENCE(5), _xlfn.SEQUENCE(1,5)-1), 0), AL52="Noise", _xlfn.MAP($C53:$G57 + (_xlfn.RANDARRAY(ROWS($C53:$G57), COLUMNS($C53:$G57)) - 0.5) * 0.4, _xlfn.LAMBDA(_xlpm.x, MAX(0, MIN(1, _xlpm.x)))))} -> 0.32833756 | AM53: 0.57746286 | AN53: 0.51041624 | AO53: 1 | AP53: 0.24099404 | AS53: {=_xlfn.IFS(AS52="None", $C53:$G57*0, AS52="Horizontal Flip", INDEX($C53:$G57, _xlfn.SEQUENCE(5), 6 - _xlfn.SEQUENCE(1,5)), AS52="Vertical Flip", INDEX($C53:$G57, 6 - _xlfn.SEQUENCE(5), _xlfn.SEQUENCE(1,5)), AS52="180 Rotation", INDEX($C53:$G57, 6 - _xlfn.SEQUENCE(5), 6 - _xlfn.SEQUENCE(1,5)), AS52="90 CW", INDEX($C53:$G57, 6 - _xlfn.SEQUENCE(1,5), _xlfn.SEQUENCE(5)), AS52="90 CCW", INDEX($C53:$G57, _xlfn.SEQUENCE(1,5), 6 - _xlfn.SEQUENCE(5)), AS52="Shift Up", IF(_xlfn.SEQUENCE(5)+1<=5, INDEX($C53:$G57, _xlfn.SEQUENCE(5)+1, _xlfn.SEQUENCE(1,5)), 0), AS52="Shift Down", IF(_xlfn.SEQUENCE(5)-1>=1, INDEX($C53:$G57, _xlfn.SEQUENCE(5)-1, _xlfn.SEQUENCE(1,5)), 0), AS52="Shift Left", IF(_xlfn.SEQUENCE(1,5)+1<=5, INDEX($C53:$G57, _xlfn.SEQUENCE(5), _xlfn.SEQUENCE(1,5)+1),0), AS52= "Shift Right", IF(_xlfn.SEQUENCE(1,5)-1>=1, INDEX($C53:$G57, _xlfn.SEQUENCE(5), _xlfn.SEQUENCE(1,5)-1), 0), AS52="Noise", _xlfn.MAP($C53:$G57 + (_xlfn.RANDARRAY(ROWS($C53:$G57), COLUMNS($C53:$G57)) - 0.5) * 0.4, _xlfn.LAMBDA(_xlpm.x, MAX(0, MIN(1, _xlpm.x)))))} -> 0 | AT53: 0.47051118 | AU53: 1 | AV53: 1 | AW53: 1 | AZ53: {=_xlfn.IFS(AZ52="None", $C53:$G57*0, AZ52="Horizontal Flip", INDEX($C53:$G57, _xlfn.SEQUENCE(5), 6 - _xlfn.SEQUENCE(1,5)), AZ52="Vertical Flip", INDEX($C53:$G57, 6 - _xlfn.SEQUENCE(5), _xlfn.SEQUENCE(1,5)), AZ52="180 Rotation", INDEX($C53:$G57, 6 - _xlfn.SEQUENCE(5), 6 - _xlfn.SEQUENCE(1,5)), AZ52="90 CW", INDEX($C53:$G57, 6 - _xlfn.SEQUENCE(1,5), _xlfn.SEQUENCE(5)), AZ52="90 CCW", INDEX($C53:$G57, _xlfn.SEQUENCE(1,5), 6 - _xlfn.SEQUENCE(5)), AZ52="Shift Up", IF(_xlfn.SEQUENCE(5)+1<=5, INDEX($C53:$G57, _xlfn.SEQUENCE(5)+1, _xlfn.SEQUENCE(1,5)), 0), AZ52="Shift Down", IF(_xlfn.SEQUENCE(5)-1>=1, INDEX($C53:$G57, _xlfn.SEQUENCE(5)-1, _xlfn.SEQUENCE(1,5)), 0), AZ52="Shift Left", IF(_xlfn.SEQUENCE(1,5)+1<=5, INDEX($C53:$G57, _xlfn.SEQUENCE(5), _xlfn.SEQUENCE(1,5)+1),0), AZ52= "Shift Right", IF(_xlfn.SEQUENCE(1,5)-1>=1, INDEX($C53:$G57, _xlfn.SEQUENCE(5), _xlfn.SEQUENCE(1,5)-1), 0), AZ52="Noise", _xlfn.MAP($C53:$G57 + (_xlfn.RANDARRAY(ROWS($C53:$G57), COLUMNS($C53:$G57)) - 0.5) * 0.4, _xlfn.LAMBDA(_xlpm.x, MAX(0, MIN(1, _xlpm.x)))))} -> 1 | BA53: 1 | BB53: 1 | BC53: 0.48322132 | BD53: 0 | BG53: {=_xlfn.IFS(BG52="None", $C53:$G57*0, BG52="Horizontal Flip", INDEX($C53:$G57, _xlfn.SEQUENCE(5), 6 - _xlfn.SEQUENCE(1,5)), BG52="Vertical Flip", INDEX($C53:$G57, 6 - _xlfn.SEQUENCE(5), _xlfn.SEQUENCE(1,5)), BG52="180 Rotation", INDEX($C53:$G57, 6 - _xlfn.SEQUENCE(5), 6 - _xlfn.SEQUENCE(1,5)), BG52="90 CW", INDEX($C53:$G57, 6 - _xlfn.SEQUENCE(1,5), _xlfn.SEQUENCE(5)), BG52="90 CCW", INDEX($C53:$G57, _xlfn.SEQUENCE(1,5), 6 - _xlfn.SEQUENCE(5)), BG52="Shift Up", IF(_xlfn.SEQUENCE(5)+1<=5, INDEX($C53:$G57, _xlfn.SEQUENCE(5)+1, _xlfn.SEQUENCE(1,5)), 0), BG52="Shift Down", IF(_xlfn.SEQUENCE(5)-1>=1, INDEX($C53:$G57, _xlfn.SEQUENCE(5)-1, _xlfn.SEQUENCE(1,5)), 0), BG52="Shift Left", IF(_xlfn.SEQUENCE(1,5)+1<=5, INDEX($C53:$G57, _xlfn.SEQUENCE(5), _xlfn.SEQUENCE(1,5)+1),0), BG52= "Shift Right", IF(_xlfn.SEQUENCE(1,5)-1>=1, INDEX($C53:$G57, _xlfn.SEQUENCE(5), _xlfn.SEQUENCE(1,5)-1), 0), BG52="Noise", _xlfn.MAP($C53:$G57 + (_xlfn.RANDARRAY(ROWS($C53:$G57), COLUMNS($C53:$G57)) - 0.5) * 0.4, _xlfn.LAMBDA(_xlpm.x, MAX(0, MIN(1, _xlpm.x)))))} -> 0 | BH53: 0 | BI53: 0 | BJ53: 0 | BK53: 0 | BN53: {=_xlfn.IFS(BN52="None", $C53:$G57*0, BN52="Horizontal Flip", INDEX($C53:$G57, _xlfn.SEQUENCE(5), 6 - _xlfn.SEQUENCE(1,5)), BN52="Vertical Flip", INDEX($C53:$G57, 6 - _xlfn.SEQUENCE(5), _xlfn.SEQUENCE(1,5)), BN52="180 Rotation", INDEX($C53:$G57, 6 - _xlfn.SEQUENCE(5), 6 - _xlfn.SEQUENCE(1,5)), BN52="90 CW", INDEX($C53:$G57, 6 - _xlfn.SEQUENCE(1,5), _xlfn.SEQUENCE(5)), BN52="90 CCW", INDEX($C53:$G57, _xlfn.SEQUENCE(1,5), 6 - _xlfn.SEQUENCE(5)), BN52="Shift Up", IF(_xlfn.SEQUENCE(5)+1<=5, INDEX($C53:$G57, _xlfn.SEQUENCE(5)+1, _xlfn.SEQUENCE(1,5)), 0), BN52="Shift Down", IF(_xlfn.SEQUENCE(5)-1>=1, INDEX($C53:$G57, _xlfn.SEQUENCE(5)-1, _xlfn.SEQUENCE(1,5)), 0), BN52="Shift Left", IF(_xlfn.SEQUENCE(1,5)+1<=5, INDEX($C53:$G57, _xlfn.SEQUENCE(5), _xlfn.SEQUENCE(1,5)+1),0), BN52= "Shift Right", IF(_xlfn.SEQUENCE(1,5)-1>=1, INDEX($C53:$G57, _xlfn.SEQUENCE(5), _xlfn.SEQUENCE(1,5)-1), 0), BN52="Noise", _xlfn.MAP($C53:$G57 + (_xlfn.RANDARRAY(ROWS($C53:$G57), COLUMNS($C53:$G57)) - 0.5) * 0.4, _xlfn.LAMBDA(_xlpm.x, MAX(0, MIN(1, _xlpm.x)))))} -> 0.48322132 | BO53: 0.24257675 | BP53: 0.62005284 | BQ53: 0.22350221 | BR53: 0.24099404 | BU53: {=_xlfn.IFS(BU52="None", $C53:$G57*0, BU52="Horizontal Flip", INDEX($C53:$G57, _xlfn.SEQUENCE(5), 6 - _xlfn.SEQUENCE(1,5)), BU52="Vertical Flip", INDEX($C53:$G57, 6 - _xlfn.SEQUENCE(5), _xlfn.SEQUENCE(1,5)), BU52="180 Rotation", INDEX($C53:$G57, 6 - _xlfn.SEQUENCE(5), 6 - _xlfn.SEQUENCE(1,5)), BU52="90 CW", INDEX($C53:$G57, 6 - _xlfn.SEQUENCE(1,5), _xlfn.SEQUENCE(5)), BU52="90 CCW", INDEX($C53:$G57, _xlfn.SEQUENCE(1,5), 6 - _xlfn.SEQUENCE(5)), BU52="Shift Up", IF(_xlfn.SEQUENCE(5)+1<=5, INDEX($C53:$G57, _xlfn.SEQUENCE(5)+1, _xlfn.SEQUENCE(1,5)), 0), BU52="Shift Down", IF(_xlfn.SEQUENCE(5)-1>=1, INDEX($C53:$G57, _xlfn.SEQUENCE(5)-1, _xlfn.SEQUENCE(1,5)), 0), BU52="Shift Left", IF(_xlfn.SEQUENCE(1,5)+1<=5, INDEX($C53:$G57, _xlfn.SEQUENCE(5), _xlfn.SEQUENCE(1,5)+1),0), BU52= "Shift Right", IF(_xlfn.SEQUENCE(1,5)-1>=1, INDEX($C53:$G57, _xlfn.SEQUENCE(5), _xlfn.SEQUENCE(1,5)-1), 0), BU52="Noise", _xlfn.MAP($C53:$G57 + (_xlfn.RANDARRAY(ROWS($C53:$G57), COLUMNS($C53:$G57)) - 0.5) * 0.4, _xlfn.LAMBDA(_xlpm.x, MAX(0, MIN(1, _xlpm.x)))))} -> 0.28038321 | BV53: 1 | BW53: 0.86658177 | BX53: 0.99933363 | BY53: 0.3024597
C54: 0.57333694 | D54: 0.35439588 | E54: 0.63927825 | F54: 1 | G54: 0.24257675 | J54: 0.22350221 | K54: 1 | L54: 0.22312416 | M54: 0.325992 | N54: 0.65436953 | Q54: 0.24257675 | R54: 1 | S54: 0.63927825 | T54: 0.35439588 | U54: 0.57333694 | X54: 0.75499936 | Y54: 0.6246727 | Z54: 0.61091978 | AA54: 1 | AB54: 0.62005284 | AE54: 0.57746286 | AF54: 0.325992 | AG54: 0.6246727 | AH54: 0.35439588 | AI54: 1 | AL54: 0.65436953 | AM54: 0.325992 | AN54: 0.22312416 | AO54: 1 | AP54: 0.22350221 | AS54: 0 | AT54: 0.57333694 | AU54: 0.35439588 | AV54: 0.63927825 | AW54: 1 | AZ54: 0.35439588 | BA54: 0.63927825 | BB54: 1 | BC54: 0.24257675 | BD54: 0 | BG54: 0.47051118 | BH54: 1 | BI54: 1 | BJ54: 1 | BK54: 0.48322132 | BN54: 1 | BO54: 1 | BP54: 1 | BQ54: 1 | BR54: 1 | BU54: 0.72259654 | BV54: 0.34721173 | BW54: 0.65082939 | BX54: 0.9461179 | BY54: 0.10042219
C55: 0.75499936 | D55: 0.6246727 | E55: 0.61091978 | F55: 1 | G55: 0.62005284 | J55: 0.62005284 | K55: 1 | L55: 0.61091978 | M55: 0.6246727 | N55: 0.75499936 | Q55: 0.62005284 | R55: 1 | S55: 0.61091978 | T55: 0.6246727 | U55: 0.75499936 | X55: 0.65436953 | Y55: 0.325992 | Z55: 0.22312416 | AA55: 1 | AB55: 0.22350221 | AE55: 0.51041624 | AF55: 0.22312416 | AG55: 0.61091978 | AH55: 0.63927825 | AI55: 1 | AL55: 0.75499936 | AM55: 0.6246727 | AN55: 0.61091978 | AO55: 1 | AP55: 0.62005284 | AS55: 0 | AT55: 0.75499936 | AU55: 0.6246727 | AV55: 0.61091978 | AW55: 1 | AZ55: 0.6246727 | BA55: 0.61091978 | BB55: 1 | BC55: 0.62005284 | BD55: 0 | BG55: 0.57333694 | BH55: 0.35439588 | BI55: 0.63927825 | BJ55: 1 | BK55: 0.24257675 | BN55: 1 | BO55: 0.63927825 | BP55: 0.61091978 | BQ55: 0.22312416 | BR55: 0.51041624 | BU55: 0.76330195 | BV55: 0.68806459 | BW55: 0.46937206 | BX55: 1 | BY55: 0.70393679
C56: 0.65436953 | D56: 0.325992 | E56: 0.22312416 | F56: 1 | G56: 0.22350221 | J56: 0.24257675 | K56: 1 | L56: 0.63927825 | M56: 0.35439588 | N56: 0.57333694 | Q56: 0.22350221 | R56: 1 | S56: 0.22312416 | T56: 0.325992 | U56: 0.65436953 | X56: 0.32833756 | Y56: 0.57746286 | Z56: 0.51041624 | AA56: 1 | AB56: 0.24099404 | AE56: 1 | AF56: 1 | AG56: 1 | AH56: 1 | AI56: 1 | AL56: 0.57333694 | AM56: 0.35439588 | AN56: 0.63927825 | AO56: 1 | AP56: 0.24257675 | AS56: 0 | AT56: 0.65436953 | AU56: 0.325992 | AV56: 0.22312416 | AW56: 1 | AZ56: 0.325992 | BA56: 0.22312416 | BB56: 1 | BC56: 0.22350221 | BD56: 0 | BG56: 0.75499936 | BH56: 0.6246727 | BI56: 0.61091978 | BJ56: 1 | BK56: 0.62005284 | BN56: 1 | BO56: 0.35439588 | BP56: 0.6246727 | BQ56: 0.325992 | BR56: 0.57746286 | BU56: 0.48976352 | BV56: 0.34948738 | BW56: 0.33118807 | BX56: 0.81848407 | BY56: 0.14369356
C57: 0.32833756 | D57: 0.57746286 | E57: 0.51041624 | F57: 1 | G57: 0.24099404 | J57: 0.48322132 | K57: 1 | L57: 1 | M57: 1 | N57: 0.47051118 | Q57: 0.24099404 | R57: 1 | S57: 0.51041624 | T57: 0.57746286 | U57: 0.32833756 | X57: 0 | Y57: 0 | Z57: 0 | AA57: 0 | AB57: 0 | AE57: 0.24099404 | AF57: 0.22350221 | AG57: 0.62005284 | AH57: 0.24257675 | AI57: 0.48322132 | AL57: 0.47051118 | AM57: 1 | AN57: 1 | AO57: 1 | AP57: 0.48322132 | AS57: 0 | AT57: 0.32833756 | AU57: 0.57746286 | AV57: 0.51041624 | AW57: 1 | AZ57: 0.57746286 | BA57: 0.51041624 | BB57: 1 | BC57: 0.24099404 | BD57: 0 | BG57: 0.65436953 | BH57: 0.325992 | BI57: 0.22312416 | BJ57: 1 | BK57: 0.22350221 | BN57: 0.47051118 | BO57: 0.57333694 | BP57: 0.75499936 | BQ57: 0.65436953 | BR57: 0.32833756 | BU57: 0.27297056 | BV57: 0.7387303 | BW57: 0.32631203 | BX57: 1 | BY57: 0.28239518
B59: 8 | C59: Original | J59: {=INDEX(Helper!$E$13:$E$22, OFFSET(Helper!$J$13,$B59,J$2))} -> Shift Left | Q59: {=INDEX(Helper!$E$13:$E$22, OFFSET(Helper!$J$13,$B59,Q$2))} -> Vertical Flip | X59: {=INDEX(Helper!$E$13:$E$22, OFFSET(Helper!$J$13,$B59,X$2))} -> Shift Down | AE59: {=INDEX(Helper!$E$13:$E$22, OFFSET(Helper!$J$13,$B59,AE$2))} -> Shift Up | AL59: {=INDEX(Helper!$E$13:$E$22, OFFSET(Helper!$J$13,$B59,AL$2))} -> 90 CCW | AS59: {=INDEX(Helper!$E$13:$E$22, OFFSET(Helper!$J$13,$B59,AS$2))} -> Shift Right | AZ59: {=INDEX(Helper!$E$13:$E$22, OFFSET(Helper!$J$13,$B59,AZ$2))} -> 90 CW | BG59: {=INDEX(Helper!$E$13:$E$22, OFFSET(Helper!$J$13,$B59,BG$2))} -> 180 Rotation | BN59: {=INDEX(Helper!$E$13:$E$22, OFFSET(Helper!$J$13,$B59,BN$2))} -> Noise | BU59: {=INDEX(Helper!$E$13:$E$22, OFFSET(Helper!$J$13,$B59,BU$2))} -> Horizontal Flip
C60: 0.58566748 | D60: 1 | E60: 1 | F60: 1 | G60: 0.47057062 | J60: {=_xlfn.IFS(J59="None", $C60:$G64*0, J59="Horizontal Flip", INDEX($C60:$G64, _xlfn.SEQUENCE(5), 6 - _xlfn.SEQUENCE(1,5)), J59="Vertical Flip", INDEX($C60:$G64, 6 - _xlfn.SEQUENCE(5), _xlfn.SEQUENCE(1,5)), J59="180 Rotation", INDEX($C60:$G64, 6 - _xlfn.SEQUENCE(5), 6 - _xlfn.SEQUENCE(1,5)), J59="90 CW", INDEX($C60:$G64, 6 - _xlfn.SEQUENCE(1,5), _xlfn.SEQUENCE(5)), J59="90 CCW", INDEX($C60:$G64, _xlfn.SEQUENCE(1,5), 6 - _xlfn.SEQUENCE(5)), J59="Shift Up", IF(_xlfn.SEQUENCE(5)+1<=5, INDEX($C60:$G64, _xlfn.SEQUENCE(5)+1, _xlfn.SEQUENCE(1,5)), 0), J59="Shift Down", IF(_xlfn.SEQUENCE(5)-1>=1, INDEX($C60:$G64, _xlfn.SEQUENCE(5)-1, _xlfn.SEQUENCE(1,5)), 0), J59="Shift Left", IF(_xlfn.SEQUENCE(1,5)+1<=5, INDEX($C60:$G64, _xlfn.SEQUENCE(5), _xlfn.SEQUENCE(1,5)+1),0), J59= "Shift Right", IF(_xlfn.SEQUENCE(1,5)-1>=1, INDEX($C60:$G64, _xlfn.SEQUENCE(5), _xlfn.SEQUENCE(1,5)-1), 0), J59="Noise", _xlfn.MAP($C60:$G64 + (_xlfn.RANDARRAY(ROWS($C60:$G64), COLUMNS($C60:$G64)) - 0.5) * 0.4, _xlfn.LAMBDA(_xlpm.x, MAX(0, MIN(1, _xlpm.x)))))} -> 1 | K60: 1 | L60: 1 | M60: 0.47057062 | N60: 0 | Q60: {=_xlfn.IFS(Q59="None", $C60:$G64*0, Q59="Horizontal Flip", INDEX($C60:$G64, _xlfn.SEQUENCE(5), 6 - _xlfn.SEQUENCE(1,5)), Q59="Vertical Flip", INDEX($C60:$G64, 6 - _xlfn.SEQUENCE(5), _xlfn.SEQUENCE(1,5)), Q59="180 Rotation", INDEX($C60:$G64, 6 - _xlfn.SEQUENCE(5), 6 - _xlfn.SEQUENCE(1,5)), Q59="90 CW", INDEX($C60:$G64, 6 - _xlfn.SEQUENCE(1,5), _xlfn.SEQUENCE(5)), Q59="90 CCW", INDEX($C60:$G64, _xlfn.SEQUENCE(1,5), 6 - _xlfn.SEQUENCE(5)), Q59="Shift Up", IF(_xlfn.SEQUENCE(5)+1<=5, INDEX($C60:$G64, _xlfn.SEQUENCE(5)+1, _xlfn.SEQUENCE(1,5)), 0), Q59="Shift Down", IF(_xlfn.SEQUENCE(5)-1>=1, INDEX($C60:$G64, _xlfn.SEQUENCE(5)-1, _xlfn.SEQUENCE(1,5)), 0), Q59="Shift Left", IF(_xlfn.SEQUENCE(1,5)+1<=5, INDEX($C60:$G64, _xlfn.SEQUENCE(5), _xlfn.SEQUENCE(1,5)+1),0), Q59= "Shift Right", IF(_xlfn.SEQUENCE(1,5)-1>=1, INDEX($C60:$G64, _xlfn.SEQUENCE(5), _xlfn.SEQUENCE(1,5)-1), 0), Q59="Noise", _xlfn.MAP($C60:$G64 + (_xlfn.RANDARRAY(ROWS($C60:$G64), COLUMNS($C60:$G64)) - 0.5) * 0.4, _xlfn.LAMBDA(_xlpm.x, MAX(0, MIN(1, _xlpm.x)))))} -> 0.39234062 | R60: 1 | S60: 1 | T60: 1 | U60: 0.51859301 | X60: {=_xlfn.IFS(X59="None", $C60:$G64*0, X59="Horizontal Flip", INDEX($C60:$G64, _xlfn.SEQUENCE(5), 6 - _xlfn.SEQUENCE(1,5)), X59="Vertical Flip", INDEX($C60:$G64, 6 - _xlfn.SEQUENCE(5), _xlfn.SEQUENCE(1,5)), X59="180 Rotation", INDEX($C60:$G64, 6 - _xlfn.SEQUENCE(5), 6 - _xlfn.SEQUENCE(1,5)), X59="90 CW", INDEX($C60:$G64, 6 - _xlfn.SEQUENCE(1,5), _xlfn.SEQUENCE(5)), X59="90 CCW", INDEX($C60:$G64, _xlfn.SEQUENCE(1,5), 6 - _xlfn.SEQUENCE(5)), X59="Shift Up", IF(_xlfn.SEQUENCE(5)+1<=5, INDEX($C60:$G64, _xlfn.SEQUENCE(5)+1, _xlfn.SEQUENCE(1,5)), 0), X59="Shift Down", IF(_xlfn.SEQUENCE(5)-1>=1, INDEX($C60:$G64, _xlfn.SEQUENCE(5)-1, _xlfn.SEQUENCE(1,5)), 0), X59="Shift Left", IF(_xlfn.SEQUENCE(1,5)+1<=5, INDEX($C60:$G64, _xlfn.SEQUENCE(5), _xlfn.SEQUENCE(1,5)+1),0), X59= "Shift Right", IF(_xlfn.SEQUENCE(1,5)-1>=1, INDEX($C60:$G64, _xlfn.SEQUENCE(5), _xlfn.SEQUENCE(1,5)-1), 0), X59="Noise", _xlfn.MAP($C60:$G64 + (_xlfn.RANDARRAY(ROWS($C60:$G64), COLUMNS($C60:$G64)) - 0.5) * 0.4, _xlfn.LAMBDA(_xlpm.x, MAX(0, MIN(1, _xlpm.x)))))} -> 0 | Y60: 0 | Z60: 0 | AA60: 0 | AB60: 0 | AE60: {=_xlfn.IFS(AE59="None", $C60:$G64*0, AE59="Horizontal Flip", INDEX($C60:$G64, _xlfn.SEQUENCE(5), 6 - _xlfn.SEQUENCE(1,5)), AE59="Vertical Flip", INDEX($C60:$G64, 6 - _xlfn.SEQUENCE(5), _xlfn.SEQUENCE(1,5)), AE59="180 Rotation", INDEX($C60:$G64, 6 - _xlfn.SEQUENCE(5), 6 - _xlfn.SEQUENCE(1,5)), AE59="90 CW", INDEX($C60:$G64, 6 - _xlfn.SEQUENCE(1,5), _xlfn.SEQUENCE(5)), AE59="90 CCW", INDEX($C60:$G64, _xlfn.SEQUENCE(1,5), 6 - _xlfn.SEQUENCE(5)), AE59="Shift Up", IF(_xlfn.SEQUENCE(5)+1<=5, INDEX($C60:$G64, _xlfn.SEQUENCE(5)+1, _xlfn.SEQUENCE(1,5)), 0), AE59="Shift Down", IF(_xlfn.SEQUENCE(5)-1>=1, INDEX($C60:$G64, _xlfn.SEQUENCE(5)-1, _xlfn.SEQUENCE(1,5)), 0), AE59="Shift Left", IF(_xlfn.SEQUENCE(1,5)+1<=5, INDEX($C60:$G64, _xlfn.SEQUENCE(5), _xlfn.SEQUENCE(1,5)+1),0), AE59= "Shift Right", IF(_xlfn.SEQUENCE(1,5)-1>=1, INDEX($C60:$G64, _xlfn.SEQUENCE(5), _xlfn.SEQUENCE(1,5)-1), 0), AE59="Noise", _xlfn.MAP($C60:$G64 + (_xlfn.RANDARRAY(ROWS($C60:$G64), COLUMNS($C60:$G64)) - 0.5) * 0.4, _xlfn.LAMBDA(_xlpm.x, MAX(0, MIN(1, _xlpm.x)))))} -> 0.35891604 | AF60: 1 | AG60: 0.64616898 | AH60: 1 | AI60: 0.48459652 | AL60: {=_xlfn.IFS(AL59="None", $C60:$G64*0, AL59="Horizontal Flip", INDEX($C60:$G64, _xlfn.SEQUENCE(5), 6 - _xlfn.SEQUENCE(1,5)), AL59="Vertical Flip", INDEX($C60:$G64, 6 - _xlfn.SEQUENCE(5), _xlfn.SEQUENCE(1,5)), AL59="180 Rotation", INDEX($C60:$G64, 6 - _xlfn.SEQUENCE(5), 6 - _xlfn.SEQUENCE(1,5)), AL59="90 CW", INDEX($C60:$G64, 6 - _xlfn.SEQUENCE(1,5), _xlfn.SEQUENCE(5)), AL59="90 CCW", INDEX($C60:$G64, _xlfn.SEQUENCE(1,5), 6 - _xlfn.SEQUENCE(5)), AL59="Shift Up", IF(_xlfn.SEQUENCE(5)+1<=5, INDEX($C60:$G64, _xlfn.SEQUENCE(5)+1, _xlfn.SEQUENCE(1,5)), 0), AL59="Shift Down", IF(_xlfn.SEQUENCE(5)-1>=1, INDEX($C60:$G64, _xlfn.SEQUENCE(5)-1, _xlfn.SEQUENCE(1,5)), 0), AL59="Shift Left", IF(_xlfn.SEQUENCE(1,5)+1<=5, INDEX($C60:$G64, _xlfn.SEQUENCE(5), _xlfn.SEQUENCE(1,5)+1),0), AL59= "Shift Right", IF(_xlfn.SEQUENCE(1,5)-1>=1, INDEX($C60:$G64, _xlfn.SEQUENCE(5), _xlfn.SEQUENCE(1,5)-1), 0), AL59="Noise", _xlfn.MAP($C60:$G64 + (_xlfn.RANDARRAY(ROWS($C60:$G64), COLUMNS($C60:$G64)) - 0.5) * 0.4, _xlfn.LAMBDA(_xlpm.x, MAX(0, MIN(1, _xlpm.x)))))} -> 0.47057062 | AM60: 0.48459652 | AN60: 0.15381588 | AO60: 0.62948158 | AP60: 0.51859301 | AS60: {=_xlfn.IFS(AS59="None", $C60:$G64*0, AS59="Horizontal Flip", INDEX($C60:$G64, _xlfn.SEQUENCE(5), 6 - _xlfn.SEQUENCE(1,5)), AS59="Vertical Flip", INDEX($C60:$G64, 6 - _xlfn.SEQUENCE(5), _xlfn.SEQUENCE(1,5)), AS59="180 Rotation", INDEX($C60:$G64, 6 - _xlfn.SEQUENCE(5), 6 - _xlfn.SEQUENCE(1,5)), AS59="90 CW", INDEX($C60:$G64, 6 - _xlfn.SEQUENCE(1,5), _xlfn.SEQUENCE(5)), AS59="90 CCW", INDEX($C60:$G64, _xlfn.SEQUENCE(1,5), 6 - _xlfn.SEQUENCE(5)), AS59="Shift Up", IF(_xlfn.SEQUENCE(5)+1<=5, INDEX($C60:$G64, _xlfn.SEQUENCE(5)+1, _xlfn.SEQUENCE(1,5)), 0), AS59="Shift Down", IF(_xlfn.SEQUENCE(5)-1>=1, INDEX($C60:$G64, _xlfn.SEQUENCE(5)-1, _xlfn.SEQUENCE(1,5)), 0), AS59="Shift Left", IF(_xlfn.SEQUENCE(1,5)+1<=5, INDEX($C60:$G64, _xlfn.SEQUENCE(5), _xlfn.SEQUENCE(1,5)+1),0), AS59= "Shift Right", IF(_xlfn.SEQUENCE(1,5)-1>=1, INDEX($C60:$G64, _xlfn.SEQUENCE(5), _xlfn.SEQUENCE(1,5)-1), 0), AS59="Noise", _xlfn.MAP($C60:$G64 + (_xlfn.RANDARRAY(ROWS($C60:$G64), COLUMNS($C60:$G64)) - 0.5) * 0.4, _xlfn.LAMBDA(_xlpm.x, MAX(0, MIN(1, _xlpm.x)))))} -> 0 | AT60: 0.58566748 | AU60: 1 | AV60: 1 | AW60: 1 | AZ60: {=_xlfn.IFS(AZ59="None", $C60:$G64*0, AZ59="Horizontal Flip", INDEX($C60:$G64, _xlfn.SEQUENCE(5), 6 - _xlfn.SEQUENCE(1,5)), AZ59="Vertical Flip", INDEX($C60:$G64, 6 - _xlfn.SEQUENCE(5), _xlfn.SEQUENCE(1,5)), AZ59="180 Rotation", INDEX($C60:$G64, 6 - _xlfn.SEQUENCE(5), 6 - _xlfn.SEQUENCE(1,5)), AZ59="90 CW", INDEX($C60:$G64, 6 - _xlfn.SEQUENCE(1,5), _xlfn.SEQUENCE(5)), AZ59="90 CCW", INDEX($C60:$G64, _xlfn.SEQUENCE(1,5), 6 - _xlfn.SEQUENCE(5)), AZ59="Shift Up", IF(_xlfn.SEQUENCE(5)+1<=5, INDEX($C60:$G64, _xlfn.SEQUENCE(5)+1, _xlfn.SEQUENCE(1,5)), 0), AZ59="Shift Down", IF(_xlfn.SEQUENCE(5)-1>=1, INDEX($C60:$G64, _xlfn.SEQUENCE(5)-1, _xlfn.SEQUENCE(1,5)), 0), AZ59="Shift Left", IF(_xlfn.SEQUENCE(1,5)+1<=5, INDEX($C60:$G64, _xlfn.SEQUENCE(5), _xlfn.SEQUENCE(1,5)+1),0), AZ59= "Shift Right", IF(_xlfn.SEQUENCE(1,5)-1>=1, INDEX($C60:$G64, _xlfn.SEQUENCE(5), _xlfn.SEQUENCE(1,5)-1), 0), AZ59="Noise", _xlfn.MAP($C60:$G64 + (_xlfn.RANDARRAY(ROWS($C60:$G64), COLUMNS($C60:$G64)) - 0.5) * 0.4, _xlfn.LAMBDA(_xlpm.x, MAX(0, MIN(1, _xlpm.x)))))} -> 0.39234062 | BA60: 0.37057343 | BB60: 0.16479801 | BC60: 0.35891604 | BD60: 0.58566748 | BG60: {=_xlfn.IFS(BG59="None", $C60:$G64*0, BG59="Horizontal Flip", INDEX($C60:$G64, _xlfn.SEQUENCE(5), 6 - _xlfn.SEQUENCE(1,5)), BG59="Vertical Flip", INDEX($C60:$G64, 6 - _xlfn.SEQUENCE(5), _xlfn.SEQUENCE(1,5)), BG59="180 Rotation", INDEX($C60:$G64, 6 - _xlfn.SEQUENCE(5), 6 - _xlfn.SEQUENCE(1,5)), BG59="90 CW", INDEX($C60:$G64, 6 - _xlfn.SEQUENCE(1,5), _xlfn.SEQUENCE(5)), BG59="90 CCW", INDEX($C60:$G64, _xlfn.SEQUENCE(1,5), 6 - _xlfn.SEQUENCE(5)), BG59="Shift Up", IF(_xlfn.SEQUENCE(5)+1<=5, INDEX($C60:$G64, _xlfn.SEQUENCE(5)+1, _xlfn.SEQUENCE(1,5)), 0), BG59="Shift Down", IF(_xlfn.SEQUENCE(5)-1>=1, INDEX($C60:$G64, _xlfn.SEQUENCE(5)-1, _xlfn.SEQUENCE(1,5)), 0), BG59="Shift Left", IF(_xlfn.SEQUENCE(1,5)+1<=5, INDEX($C60:$G64, _xlfn.SEQUENCE(5), _xlfn.SEQUENCE(1,5)+1),0), BG59= "Shift Right", IF(_xlfn.SEQUENCE(1,5)-1>=1, INDEX($C60:$G64, _xlfn.SEQUENCE(5), _xlfn.SEQUENCE(1,5)-1), 0), BG59="Noise", _xlfn.MAP($C60:$G64 + (_xlfn.RANDARRAY(ROWS($C60:$G64), COLUMNS($C60:$G64)) - 0.5) * 0.4, _xlfn.LAMBDA(_xlpm.x, MAX(0, MIN(1, _xlpm.x)))))} -> 0.51859301 | BH60: 1 | BI60: 1 | BJ60: 1 | BK60: 0.39234062 | BN60: {=_xlfn.IFS(BN59="None", $C60:$G64*0, BN59="Horizontal Flip", INDEX($C60:$G64, _xlfn.SEQUENCE(5), 6 - _xlfn.SEQUENCE(1,5)), BN59="Vertical Flip", INDEX($C60:$G64, 6 - _xlfn.SEQUENCE(5), _xlfn.SEQUENCE(1,5)), BN59="180 Rotation", INDEX($C60:$G64, 6 - _xlfn.SEQUENCE(5), 6 - _xlfn.SEQUENCE(1,5)), BN59="90 CW", INDEX($C60:$G64, 6 - _xlfn.SEQUENCE(1,5), _xlfn.SEQUENCE(5)), BN59="90 CCW", INDEX($C60:$G64, _xlfn.SEQUENCE(1,5), 6 - _xlfn.SEQUENCE(5)), BN59="Shift Up", IF(_xlfn.SEQUENCE(5)+1<=5, INDEX($C60:$G64, _xlfn.SEQUENCE(5)+1, _xlfn.SEQUENCE(1,5)), 0), BN59="Shift Down", IF(_xlfn.SEQUENCE(5)-1>=1, INDEX($C60:$G64, _xlfn.SEQUENCE(5)-1, _xlfn.SEQUENCE(1,5)), 0), BN59="Shift Left", IF(_xlfn.SEQUENCE(1,5)+1<=5, INDEX($C60:$G64, _xlfn.SEQUENCE(5), _xlfn.SEQUENCE(1,5)+1),0), BN59= "Shift Right", IF(_xlfn.SEQUENCE(1,5)-1>=1, INDEX($C60:$G64, _xlfn.SEQUENCE(5), _xlfn.SEQUENCE(1,5)-1), 0), BN59="Noise", _xlfn.MAP($C60:$G64 + (_xlfn.RANDARRAY(ROWS($C60:$G64), COLUMNS($C60:$G64)) - 0.5) * 0.4, _xlfn.LAMBDA(_xlpm.x, MAX(0, MIN(1, _xlpm.x)))))} -> 0.70057345 | BO60: 0.88174344 | BP60: 0.8593199 | BQ60: 0.8570601 | BR60: 0.53947607 | BU60: {=_xlfn.IFS(BU59="None", $C60:$G64*0, BU59="Horizontal Flip", INDEX($C60:$G64, _xlfn.SEQUENCE(5), 6 - _xlfn.SEQUENCE(1,5)), BU59="Vertical Flip", INDEX($C60:$G64, 6 - _xlfn.SEQUENCE(5), _xlfn.SEQUENCE(1,5)), BU59="180 Rotation", INDEX($C60:$G64, 6 - _xlfn.SEQUENCE(5), 6 - _xlfn.SEQUENCE(1,5)), BU59="90 CW", INDEX($C60:$G64, 6 - _xlfn.SEQUENCE(1,5), _xlfn.SEQUENCE(5)), BU59="90 CCW", INDEX($C60:$G64, _xlfn.SEQUENCE(1,5), 6 - _xlfn.SEQUENCE(5)), BU59="Shift Up", IF(_xlfn.SEQUENCE(5)+1<=5, INDEX($C60:$G64, _xlfn.SEQUENCE(5)+1, _xlfn.SEQUENCE(1,5)), 0), BU59="Shift Down", IF(_xlfn.SEQUENCE(5)-1>=1, INDEX($C60:$G64, _xlfn.SEQUENCE(5)-1, _xlfn.SEQUENCE(1,5)), 0), BU59="Shift Left", IF(_xlfn.SEQUENCE(1,5)+1<=5, INDEX($C60:$G64, _xlfn.SEQUENCE(5), _xlfn.SEQUENCE(1,5)+1),0), BU59= "Shift Right", IF(_xlfn.SEQUENCE(1,5)-1>=1, INDEX($C60:$G64, _xlfn.SEQUENCE(5), _xlfn.SEQUENCE(1,5)-1), 0), BU59="Noise", _xlfn.MAP($C60:$G64 + (_xlfn.RANDARRAY(ROWS($C60:$G64), COLUMNS($C60:$G64)) - 0.5) * 0.4, _xlfn.LAMBDA(_xlpm.x, MAX(0, MIN(1, _xlpm.x)))))} -> 0.47057062 | BV60: 1 | BW60: 1 | BX60: 1 | BY60: 0.58566748
C61: 0.35891604 | D61: 1 | E61: 0.64616898 | F61: 1 | G61: 0.48459652 | J61: 1 | K61: 0.64616898 | L61: 1 | M61: 0.48459652 | N61: 0 | Q61: 0.37057343 | R61: 1 | S61: 0.34139236 | T61: 1 | U61: 0.62948158 | X61: 0.58566748 | Y61: 1 | Z61: 1 | AA61: 1 | AB61: 0.47057062 | AE61: 0.16479801 | AF61: 1 | AG61: 1 | AH61: 1 | AI61: 0.15381588 | AL61: 1 | AM61: 1 | AN61: 1 | AO61: 1 | AP61: 1 | AS61: 0 | AT61: 0.35891604 | AU61: 1 | AV61: 0.64616898 | AW61: 1 | AZ61: 1 | BA61: 1 | BB61: 1 | BC61: 1 | BD61: 1 | BG61: 0.62948158 | BH61: 1 | BI61: 0.34139236 | BJ61: 1 | BK61: 0.37057343 | BN61: 0.39466896 | BO61: 1 | BP61: 0.71320729 | BQ61: 0.84293921 | BR61: 0.40247193 | BU61: 0.48459652 | BV61: 1 | BW61: 0.64616898 | BX61: 1 | BY61: 0.35891604
C62: 0.16479801 | D62: 1 | E62: 1 | F62: 1 | G62: 0.15381588 | J62: 1 | K62: 1 | L62: 1 | M62: 0.15381588 | N62: 0 | Q62: 0.16479801 | R62: 1 | S62: 1 | T62: 1 | U62: 0.15381588 | X62: 0.35891604 | Y62: 1 | Z62: 0.64616898 | AA62: 1 | AB62: 0.48459652 | AE62: 0.37057343 | AF62: 1 | AG62: 0.34139236 | AH62: 1 | AI62: 0.62948158 | AL62: 1 | AM62: 0.64616898 | AN62: 1 | AO62: 0.34139236 | AP62: 1 | AS62: 0 | AT62: 0.16479801 | AU62: 1 | AV62: 1 | AW62: 1 | AZ62: 1 | BA62: 0.34139236 | BB62: 1 | BC62: 0.64616898 | BD62: 1 | BG62: 0.15381588 | BH62: 1 | BI62: 1 | BJ62: 1 | BK62: 0.16479801 | BN62: 0.15329779 | BO62: 1 | BP62: 0.90149373 | BQ62: 0.90015731 | BR62: 0.03606877 | BU62: 0.15381588 | BV62: 1 | BW62: 1 | BX62: 1 | BY62: 0.16479801
C63: 0.37057343 | D63: 1 | E63: 0.34139236 | F63: 1 | G63: 0.62948158 | J63: 1 | K63: 0.34139236 | L63: 1 | M63: 0.62948158 | N63: 0 | Q63: 0.35891604 | R63: 1 | S63: 0.64616898 | T63: 1 | U63: 0.48459652 | X63: 0.16479801 | Y63: 1 | Z63: 1 | AA63: 1 | AB63: 0.15381588 | AE63: 0.39234062 | AF63: 1 | AG63: 1 | AH63: 1 | AI63: 0.51859301 | AL63: 1 | AM63: 1 | AN63: 1 | AO63: 1 | AP63: 1 | AS63: 0 | AT63: 0.37057343 | AU63: 1 | AV63: 0.34139236 | AW63: 1 | AZ63: 1 | BA63: 1 | BB63: 1 | BC63: 1 | BD63: 1 | BG63: 0.48459652 | BH63: 1 | BI63: 0.64616898 | BJ63: 1 | BK63: 0.35891604 | BN63: 0.41619692 | BO63: 1 | BP63: 0.1844061 | BQ63: 1 | BR63: 0.53180799 | BU63: 0.62948158 | BV63: 1 | BW63: 0.34139236 | BX63: 1 | BY63: 0.37057343
C64: 0.39234062 | D64: 1 | E64: 1 | F64: 1 | G64: 0.51859301 | J64: 1 | K64: 1 | L64: 1 | M64: 0.51859301 | N64: 0 | Q64: 0.58566748 | R64: 1 | S64: 1 | T64: 1 | U64: 0.47057062 | X64: 0.37057343 | Y64: 1 | Z64: 0.34139236 | AA64: 1 | AB64: 0.62948158 | AE64: 0 | AF64: 0 | AG64: 0 | AH64: 0 | AI64: 0 | AL64: 0.58566748 | AM64: 0.35891604 | AN64: 0.16479801 | AO64: 0.37057343 | AP64: 0.39234062 | AS64: 0 | AT64: 0.39234062 | AU64: 1 | AV64: 1 | AW64: 1 | AZ64: 0.51859301 | BA64: 0.62948158 | BB64: 0.15381588 | BC64: 0.48459652 | BD64: 0.47057062 | BG64: 0.47057062 | BH64: 1 | BI64: 1 | BJ64: 1 | BK64: 0.58566748 | BN64: 0.54159905 | BO64: 1 | BP64: 0.9887005 | BQ64: 1 | BR64: 0.32458081 | BU64: 0.51859301 | BV64: 1 | BW64: 1 | BX64: 1 | BY64: 0.39234062
B66: 9 | C66: Original | J66: {=INDEX(Helper!$E$13:$E$22, OFFSET(Helper!$J$13,$B66,J$2))} -> Noise | Q66: {=INDEX(Helper!$E$13:$E$22, OFFSET(Helper!$J$13,$B66,Q$2))} -> 90 CCW | X66: {=INDEX(Helper!$E$13:$E$22, OFFSET(Helper!$J$13,$B66,X$2))} -> Shift Down | AE66: {=INDEX(Helper!$E$13:$E$22, OFFSET(Helper!$J$13,$B66,AE$2))} -> Vertical Flip | AL66: {=INDEX(Helper!$E$13:$E$22, OFFSET(Helper!$J$13,$B66,AL$2))} -> 180 Rotation | AS66: {=INDEX(Helper!$E$13:$E$22, OFFSET(Helper!$J$13,$B66,AS$2))} -> Shift Up | AZ66: {=INDEX(Helper!$E$13:$E$22, OFFSET(Helper!$J$13,$B66,AZ$2))} -> Shift Right | BG66: {=INDEX(Helper!$E$13:$E$22, OFFSET(Helper!$J$13,$B66,BG$2))} -> Shift Left | BN66: {=INDEX(Helper!$E$13:$E$22, OFFSET(Helper!$J$13,$B66,BN$2))} -> 90 CW | BU66: {=INDEX(Helper!$E$13:$E$22, OFFSET(Helper!$J$13,$B66,BU$2))} -> Horizontal Flip
C67: 0.18342546 | D67: 1 | E67: 1 | F67: 1 | G67: 0.19947368 | J67: {=_xlfn.IFS(J66="None", $C67:$G71*0, J66="Horizontal Flip", INDEX($C67:$G71, _xlfn.SEQUENCE(5), 6 - _xlfn.SEQUENCE(1,5)), J66="Vertical Flip", INDEX($C67:$G71, 6 - _xlfn.SEQUENCE(5), _xlfn.SEQUENCE(1,5)), J66="180 Rotation", INDEX($C67:$G71, 6 - _xlfn.SEQUENCE(5), 6 - _xlfn.SEQUENCE(1,5)), J66="90 CW", INDEX($C67:$G71, 6 - _xlfn.SEQUENCE(1,5), _xlfn.SEQUENCE(5)), J66="90 CCW", INDEX($C67:$G71, _xlfn.SEQUENCE(1,5), 6 - _xlfn.SEQUENCE(5)), J66="Shift Up", IF(_xlfn.SEQUENCE(5)+1<=5, INDEX($C67:$G71, _xlfn.SEQUENCE(5)+1, _xlfn.SEQUENCE(1,5)), 0), J66="Shift Down", IF(_xlfn.SEQUENCE(5)-1>=1, INDEX($C67:$G71, _xlfn.SEQUENCE(5)-1, _xlfn.SEQUENCE(1,5)), 0), J66="Shift Left", IF(_xlfn.SEQUENCE(1,5)+1<=5, INDEX($C67:$G71, _xlfn.SEQUENCE(5), _xlfn.SEQUENCE(1,5)+1),0), J66= "Shift Right", IF(_xlfn.SEQUENCE(1,5)-1>=1, INDEX($C67:$G71, _xlfn.SEQUENCE(5), _xlfn.SEQUENCE(1,5)-1), 0), J66="Noise", _xlfn.MAP($C67:$G71 + (_xlfn.RANDARRAY(ROWS($C67:$G71), COLUMNS($C67:$G71)) - 0.5) * 0.4, _xlfn.LAMBDA(_xlpm.x, MAX(0, MIN(1, _xlpm.x)))))} -> 0 | K67: 0.86329852 | L67: 0.90409376 | M67: 0.81135045 | N67: 0.15820739 | Q67: {=_xlfn.IFS(Q66="None", $C67:$G71*0, Q66="Horizontal Flip", INDEX($C67:$G71, _xlfn.SEQUENCE(5), 6 - _xlfn.SEQUENCE(1,5)), Q66="Vertical Flip", INDEX($C67:$G71, 6 - _xlfn.SEQUENCE(5), _xlfn.SEQUENCE(1,5)), Q66="180 Rotation", INDEX($C67:$G71, 6 - _xlfn.SEQUENCE(5), 6 - _xlfn.SEQUENCE(1,5)), Q66="90 CW", INDEX($C67:$G71, 6 - _xlfn.SEQUENCE(1,5), _xlfn.SEQUENCE(5)), Q66="90 CCW", INDEX($C67:$G71, _xlfn.SEQUENCE(1,5), 6 - _xlfn.SEQUENCE(5)), Q66="Shift Up", IF(_xlfn.SEQUENCE(5)+1<=5, INDEX($C67:$G71, _xlfn.SEQUENCE(5)+1, _xlfn.SEQUENCE(1,5)), 0), Q66="Shift Down", IF(_xlfn.SEQUENCE(5)-1>=1, INDEX($C67:$G71, _xlfn.SEQUENCE(5)-1, _xlfn.SEQUENCE(1,5)), 0), Q66="Shift Left", IF(_xlfn.SEQUENCE(1,5)+1<=5, INDEX($C67:$G71, _xlfn.SEQUENCE(5), _xlfn.SEQUENCE(1,5)+1),0), Q66= "Shift Right", IF(_xlfn.SEQUENCE(1,5)-1>=1, INDEX($C67:$G71, _xlfn.SEQUENCE(5), _xlfn.SEQUENCE(1,5)-1), 0), Q66="Noise", _xlfn.MAP($C67:$G71 + (_xlfn.RANDARRAY(ROWS($C67:$G71), COLUMNS($C67:$G71)) - 0.5) * 0.4, _xlfn.LAMBDA(_xlpm.x, MAX(0, MIN(1, _xlpm.x)))))} -> 0.19947368 | R67: 0.51874224 | S67: 0.18417476 | T67: 0.22639111 | U67: 0.53012317 | X67: {=_xlfn.IFS(X66="None", $C67:$G71*0, X66="Horizontal Flip", INDEX($C67:$G71, _xlfn.SEQUENCE(5), 6 - _xlfn.SEQUENCE(1,5)), X66="Vertical Flip", INDEX($C67:$G71, 6 - _xlfn.SEQUENCE(5), _xlfn.SEQUENCE(1,5)), X66="180 Rotation", INDEX($C67:$G71, 6 - _xlfn.SEQUENCE(5), 6 - _xlfn.SEQUENCE(1,5)), X66="90 CW", INDEX($C67:$G71, 6 - _xlfn.SEQUENCE(1,5), _xlfn.SEQUENCE(5)), X66="90 CCW", INDEX($C67:$G71, _xlfn.SEQUENCE(1,5), 6 - _xlfn.SEQUENCE(5)), X66="Shift Up", IF(_xlfn.SEQUENCE(5)+1<=5, INDEX($C67:$G71, _xlfn.SEQUENCE(5)+1, _xlfn.SEQUENCE(1,5)), 0), X66="Shift Down", IF(_xlfn.SEQUENCE(5)-1>=1, INDEX($C67:$G71, _xlfn.SEQUENCE(5)-1, _xlfn.SEQUENCE(1,5)), 0), X66="Shift Left", IF(_xlfn.SEQUENCE(1,5)+1<=5, INDEX($C67:$G71, _xlfn.SEQUENCE(5), _xlfn.SEQUENCE(1,5)+1),0), X66= "Shift Right", IF(_xlfn.SEQUENCE(1,5)-1>=1, INDEX($C67:$G71, _xlfn.SEQUENCE(5), _xlfn.SEQUENCE(1,5)-1), 0), X66="Noise", _xlfn.MAP($C67:$G71 + (_xlfn.RANDARRAY(ROWS($C67:$G71), COLUMNS($C67:$G71)) - 0.5) * 0.4, _xlfn.LAMBDA(_xlpm.x, MAX(0, MIN(1, _xlpm.x)))))} -> 0 | Y67: 0 | Z67: 0 | AA67: 0 | AB67: 0 | AE67: {=_xlfn.IFS(AE66="None", $C67:$G71*0, AE66="Horizontal Flip", INDEX($C67:$G71, _xlfn.SEQUENCE(5), 6 - _xlfn.SEQUENCE(1,5)), AE66="Vertical Flip", INDEX($C67:$G71, 6 - _xlfn.SEQUENCE(5), _xlfn.SEQUENCE(1,5)), AE66="180 Rotation", INDEX($C67:$G71, 6 - _xlfn.SEQUENCE(5), 6 - _xlfn.SEQUENCE(1,5)), AE66="90 CW", INDEX($C67:$G71, 6 - _xlfn.SEQUENCE(1,5), _xlfn.SEQUENCE(5)), AE66="90 CCW", INDEX($C67:$G71, _xlfn.SEQUENCE(1,5), 6 - _xlfn.SEQUENCE(5)), AE66="Shift Up", IF(_xlfn.SEQUENCE(5)+1<=5, INDEX($C67:$G71, _xlfn.SEQUENCE(5)+1, _xlfn.SEQUENCE(1,5)), 0), AE66="Shift Down", IF(_xlfn.SEQUENCE(5)-1>=1, INDEX($C67:$G71, _xlfn.SEQUENCE(5)-1, _xlfn.SEQUENCE(1,5)), 0), AE66="Shift Left", IF(_xlfn.SEQUENCE(1,5)+1<=5, INDEX($C67:$G71, _xlfn.SEQUENCE(5), _xlfn.SEQUENCE(1,5)+1),0), AE66= "Shift Right", IF(_xlfn.SEQUENCE(1,5)-1>=1, INDEX($C67:$G71, _xlfn.SEQUENCE(5), _xlfn.SEQUENCE(1,5)-1), 0), AE66="Noise", _xlfn.MAP($C67:$G71 + (_xlfn.RANDARRAY(ROWS($C67:$G71), COLUMNS($C67:$G71)) - 0.5) * 0.4, _xlfn.LAMBDA(_xlpm.x, MAX(0, MIN(1, _xlpm.x)))))} -> 0.19639197 | AF67: 1 | AG67: 1 | AH67: 1 | AI67: 0.53012317 | AL67: {=_xlfn.IFS(AL66="None", $C67:$G71*0, AL66="Horizontal Flip", INDEX($C67:$G71, _xlfn.SEQUENCE(5), 6 - _xlfn.SEQUENCE(1,5)), AL66="Vertical Flip", INDEX($C67:$G71, 6 - _xlfn.SEQUENCE(5), _xlfn.SEQUENCE(1,5)), AL66="180 Rotation", INDEX($C67:$G71, 6 - _xlfn.SEQUENCE(5), 6 - _xlfn.SEQUENCE(1,5)), AL66="90 CW", INDEX($C67:$G71, 6 - _xlfn.SEQUENCE(1,5), _xlfn.SEQUENCE(5)), AL66="90 CCW", INDEX($C67:$G71, _xlfn.SEQUENCE(1,5), 6 - _xlfn.SEQUENCE(5)), AL66="Shift Up", IF(_xlfn.SEQUENCE(5)+1<=5, INDEX($C67:$G71, _xlfn.SEQUENCE(5)+1, _xlfn.SEQUENCE(1,5)), 0), AL66="Shift Down", IF(_xlfn.SEQUENCE(5)-1>=1, INDEX($C67:$G71, _xlfn.SEQUENCE(5)-1, _xlfn.SEQUENCE(1,5)), 0), AL66="Shift Left", IF(_xlfn.SEQUENCE(1,5)+1<=5, INDEX($C67:$G71, _xlfn.SEQUENCE(5), _xlfn.SEQUENCE(1,5)+1),0), AL66= "Shift Right", IF(_xlfn.SEQUENCE(1,5)-1>=1, INDEX($C67:$G71, _xlfn.SEQUENCE(5), _xlfn.SEQUENCE(1,5)-1), 0), AL66="Noise", _xlfn.MAP($C67:$G71 + (_xlfn.RANDARRAY(ROWS($C67:$G71), COLUMNS($C67:$G71)) - 0.5) * 0.4, _xlfn.LAMBDA(_xlpm.x, MAX(0, MIN(1, _xlpm.x)))))} -> 0.53012317 | AM67: 1 | AN67: 1 | AO67: 1 | AP67: 0.19639197 | AS67: {=_xlfn.IFS(AS66="None", $C67:$G71*0, AS66="Horizontal Flip", INDEX($C67:$G71, _xlfn.SEQUENCE(5), 6 - _xlfn.SEQUENCE(1,5)), AS66="Vertical Flip", INDEX($C67:$G71, 6 - _xlfn.SEQUENCE(5), _xlfn.SEQUENCE(1,5)), AS66="180 Rotation", INDEX($C67:$G71, 6 - _xlfn.SEQUENCE(5), 6 - _xlfn.SEQUENCE(1,5)), AS66="90 CW", INDEX($C67:$G71, 6 - _xlfn.SEQUENCE(1,5), _xlfn.SEQUENCE(5)), AS66="90 CCW", INDEX($C67:$G71, _xlfn.SEQUENCE(1,5), 6 - _xlfn.SEQUENCE(5)), AS66="Shift Up", IF(_xlfn.SEQUENCE(5)+1<=5, INDEX($C67:$G71, _xlfn.SEQUENCE(5)+1, _xlfn.SEQUENCE(1,5)), 0), AS66="Shift Down", IF(_xlfn.SEQUENCE(5)-1>=1, INDEX($C67:$G71, _xlfn.SEQUENCE(5)-1, _xlfn.SEQUENCE(1,5)), 0), AS66="Shift Left", IF(_xlfn.SEQUENCE(1,5)+1<=5, INDEX($C67:$G71, _xlfn.SEQUENCE(5), _xlfn.SEQUENCE(1,5)+1),0), AS66= "Shift Right", IF(_xlfn.SEQUENCE(1,5)-1>=1, INDEX($C67:$G71, _xlfn.SEQUENCE(5), _xlfn.SEQUENCE(1,5)-1), 0), AS66="Noise", _xlfn.MAP($C67:$G71 + (_xlfn.RANDARRAY(ROWS($C67:$G71), COLUMNS($C67:$G71)) - 0.5) * 0.4, _xlfn.LAMBDA(_xlpm.x, MAX(0, MIN(1, _xlpm.x)))))} -> 0.26958536 | AT67: 1 | AU67: 0.48748669 | AV67: 1 | AW67: 0.51874224 | AZ67: {=_xlfn.IFS(AZ66="None", $C67:$G71*0, AZ66="Horizontal Flip", INDEX($C67:$G71, _xlfn.SEQUENCE(5), 6 - _xlfn.SEQUENCE(1,5)), AZ66="Vertical Flip", INDEX($C67:$G71, 6 - _xlfn.SEQUENCE(5), _xlfn.SEQUENCE(1,5)), AZ66="180 Rotation", INDEX($C67:$G71, 6 - _xlfn.SEQUENCE(5), 6 - _xlfn.SEQUENCE(1,5)), AZ66="90 CW", INDEX($C67:$G71, 6 - _xlfn.SEQUENCE(1,5), _xlfn.SEQUENCE(5)), AZ66="90 CCW", INDEX($C67:$G71, _xlfn.SEQUENCE(1,5), 6 - _xlfn.SEQUENCE(5)), AZ66="Shift Up", IF(_xlfn.SEQUENCE(5)+1<=5, INDEX($C67:$G71, _xlfn.SEQUENCE(5)+1, _xlfn.SEQUENCE(1,5)), 0), AZ66="Shift Down", IF(_xlfn.SEQUENCE(5)-1>=1, INDEX($C67:$G71, _xlfn.SEQUENCE(5)-1, _xlfn.SEQUENCE(1,5)), 0), AZ66="Shift Left", IF(_xlfn.SEQUENCE(1,5)+1<=5, INDEX($C67:$G71, _xlfn.SEQUENCE(5), _xlfn.SEQUENCE(1,5)+1),0), AZ66= "Shift Right", IF(_xlfn.SEQUENCE(1,5)-1>=1, INDEX($C67:$G71, _xlfn.SEQUENCE(5), _xlfn.SEQUENCE(1,5)-1), 0), AZ66="Noise", _xlfn.MAP($C67:$G71 + (_xlfn.RANDARRAY(ROWS($C67:$G71), COLUMNS($C67:$G71)) - 0.5) * 0.4, _xlfn.LAMBDA(_xlpm.x, MAX(0, MIN(1, _xlpm.x)))))} -> 0 | BA67: 0.18342546 | BB67: 1 | BC67: 1 | BD67: 1 | BG67: {=_xlfn.IFS(BG66="None", $C67:$G71*0, BG66="Horizontal Flip", INDEX($C67:$G71, _xlfn.SEQUENCE(5), 6 - _xlfn.SEQUENCE(1,5)), BG66="Vertical Flip", INDEX($C67:$G71, 6 - _xlfn.SEQUENCE(5), _xlfn.SEQUENCE(1,5)), BG66="180 Rotation", INDEX($C67:$G71, 6 - _xlfn.SEQUENCE(5), 6 - _xlfn.SEQUENCE(1,5)), BG66="90 CW", INDEX($C67:$G71, 6 - _xlfn.SEQUENCE(1,5), _xlfn.SEQUENCE(5)), BG66="90 CCW", INDEX($C67:$G71, _xlfn.SEQUENCE(1,5), 6 - _xlfn.SEQUENCE(5)), BG66="Shift Up", IF(_xlfn.SEQUENCE(5)+1<=5, INDEX($C67:$G71, _xlfn.SEQUENCE(5)+1, _xlfn.SEQUENCE(1,5)), 0), BG66="Shift Down", IF(_xlfn.SEQUENCE(5)-1>=1, INDEX($C67:$G71, _xlfn.SEQUENCE(5)-1, _xlfn.SEQUENCE(1,5)), 0), BG66="Shift Left", IF(_xlfn.SEQUENCE(1,5)+1<=5, INDEX($C67:$G71, _xlfn.SEQUENCE(5), _xlfn.SEQUENCE(1,5)+1),0), BG66= "Shift Right", IF(_xlfn.SEQUENCE(1,5)-1>=1, INDEX($C67:$G71, _xlfn.SEQUENCE(5), _xlfn.SEQUENCE(1,5)-1), 0), BG66="Noise", _xlfn.MAP($C67:$G71 + (_xlfn.RANDARRAY(ROWS($C67:$G71), COLUMNS($C67:$G71)) - 0.5) * 0.4, _xlfn.LAMBDA(_xlpm.x, MAX(0, MIN(1, _xlpm.x)))))} -> 1 | BH67: 1 | BI67: 1 | BJ67: 0.19947368 | BK67: 0 | BN67: {=_xlfn.IFS(BN66="None", $C67:$G71*0, BN66="Horizontal Flip", INDEX($C67:$G71, _xlfn.SEQUENCE(5), 6 - _xlfn.SEQUENCE(1,5)), BN66="Vertical Flip", INDEX($C67:$G71, 6 - _xlfn.SEQUENCE(5), _xlfn.SEQUENCE(1,5)), BN66="180 Rotation", INDEX($C67:$G71, 6 - _xlfn.SEQUENCE(5), 6 - _xlfn.SEQUENCE(1,5)), BN66="90 CW", INDEX($C67:$G71, 6 - _xlfn.SEQUENCE(1,5), _xlfn.SEQUENCE(5)), BN66="90 CCW", INDEX($C67:$G71, _xlfn.SEQUENCE(1,5), 6 - _xlfn.SEQUENCE(5)), BN66="Shift Up", IF(_xlfn.SEQUENCE(5)+1<=5, INDEX($C67:$G71, _xlfn.SEQUENCE(5)+1, _xlfn.SEQUENCE(1,5)), 0), BN66="Shift Down", IF(_xlfn.SEQUENCE(5)-1>=1, INDEX($C67:$G71, _xlfn.SEQUENCE(5)-1, _xlfn.SEQUENCE(1,5)), 0), BN66="Shift Left", IF(_xlfn.SEQUENCE(1,5)+1<=5, INDEX($C67:$G71, _xlfn.SEQUENCE(5), _xlfn.SEQUENCE(1,5)+1),0), BN66= "Shift Right", IF(_xlfn.SEQUENCE(1,5)-1>=1, INDEX($C67:$G71, _xlfn.SEQUENCE(5), _xlfn.SEQUENCE(1,5)-1), 0), BN66="Noise", _xlfn.MAP($C67:$G71 + (_xlfn.RANDARRAY(ROWS($C67:$G71), COLUMNS($C67:$G71)) - 0.5) * 0.4, _xlfn.LAMBDA(_xlpm.x, MAX(0, MIN(1, _xlpm.x)))))} -> 0.19639197 | BO67: 0.21732436 | BP67: 0.34709983 | BQ67: 0.26958536 | BR67: 0.18342546 | BU67: {=_xlfn.IFS(BU66="None", $C67:$G71*0, BU66="Horizontal Flip", INDEX($C67:$G71, _xlfn.SEQUENCE(5), 6 - _xlfn.SEQUENCE(1,5)), BU66="Vertical Flip", INDEX($C67:$G71, 6 - _xlfn.SEQUENCE(5), _xlfn.SEQUENCE(1,5)), BU66="180 Rotation", INDEX($C67:$G71, 6 - _xlfn.SEQUENCE(5), 6 - _xlfn.SEQUENCE(1,5)), BU66="90 CW", INDEX($C67:$G71, 6 - _xlfn.SEQUENCE(1,5), _xlfn.SEQUENCE(5)), BU66="90 CCW", INDEX($C67:$G71, _xlfn.SEQUENCE(1,5), 6 - _xlfn.SEQUENCE(5)), BU66="Shift Up", IF(_xlfn.SEQUENCE(5)+1<=5, INDEX($C67:$G71, _xlfn.SEQUENCE(5)+1, _xlfn.SEQUENCE(1,5)), 0), BU66="Shift Down", IF(_xlfn.SEQUENCE(5)-1>=1, INDEX($C67:$G71, _xlfn.SEQUENCE(5)-1, _xlfn.SEQUENCE(1,5)), 0), BU66="Shift Left", IF(_xlfn.SEQUENCE(1,5)+1<=5, INDEX($C67:$G71, _xlfn.SEQUENCE(5), _xlfn.SEQUENCE(1,5)+1),0), BU66= "Shift Right", IF(_xlfn.SEQUENCE(1,5)-1>=1, INDEX($C67:$G71, _xlfn.SEQUENCE(5), _xlfn.SEQUENCE(1,5)-1), 0), BU66="Noise", _xlfn.MAP($C67:$G71 + (_xlfn.RANDARRAY(ROWS($C67:$G71), COLUMNS($C67:$G71)) - 0.5) * 0.4, _xlfn.LAMBDA(_xlpm.x, MAX(0, MIN(1, _xlpm.x)))))} -> 0.19947368 | BV67: 1 | BW67: 1 | BX67: 1 | BY67: 0.18342546
C68: 0.26958536 | D68: 1 | E68: 0.48748669 | F68: 1 | G68: 0.51874224 | J68: 0.13113675 | K68: 0.96191159 | L68: 0.3561668 | M68: 0.9750454 | N68: 0.44310666 | Q68: 1 | R68: 1 | S68: 1 | T68: 1 | U68: 1 | X68: 0.18342546 | Y68: 1 | Z68: 1 | AA68: 1 | AB68: 0.19947368 | AE68: 0.21732436 | AF68: 0.57542728 | AG68: 0.42233687 | AH68: 1 | AI68: 0.22639111 | AL68: 0.22639111 | AM68: 1 | AN68: 0.42233687 | AO68: 0.57542728 | AP68: 0.21732436 | AS68: 0.34709983 | AT68: 1 | AU68: 1 | AV68: 1 | AW68: 0.18417476 | AZ68: 0 | BA68: 0.26958536 | BB68: 1 | BC68: 0.48748669 | BD68: 1 | BG68: 1 | BH68: 0.48748669 | BI68: 1 | BJ68: 0.51874224 | BK68: 0 | BN68: 1 | BO68: 0.57542728 | BP68: 1 | BQ68: 1 | BR68: 1 | BU68: 0.51874224 | BV68: 1 | BW68: 0.48748669 | BX68: 1 | BY68: 0.26958536
C69: 0.34709983 | D69: 1 | E69: 1 | F69: 1 | G69: 0.18417476 | J69: 0.22478072 | K69: 0.89241477 | L69: 0.99285239 | M69: 1 | N69: 0.084313741 | Q69: 1 | R69: 0.48748669 | S69: 1 | T69: 0.42233687 | U69: 1 | X69: 0.26958536 | Y69: 1 | Z69: 0.48748669 | AA69: 1 | AB69: 0.51874224 | AE69: 0.34709983 | AF69: 1 | AG69: 1 | AH69: 1 | AI69: 0.18417476 | AL69: 0.18417476 | AM69: 1 | AN69: 1 | AO69: 1 | AP69: 0.34709983 | AS69: 0.21732436 | AT69: 0.57542728 | AU69: 0.42233687 | AV69: 1 | AW69: 0.22639111 | AZ69: 0 | BA69: 0.34709983 | BB69: 1 | BC69: 1 | BD69: 1 | BG69: 1 | BH69: 1 | BI69: 1 | BJ69: 0.18417476 | BK69: 0 | BN69: 1 | BO69: 0.42233687 | BP69: 1 | BQ69: 0.48748669 | BR69: 1 | BU69: 0.18417476 | BV69: 1 | BW69: 1 | BX69: 1 | BY69: 0.34709983
C70: 0.21732436 | D70: 0.57542728 | E70: 0.42233687 | F70: 1 | G70: 0.22639111 | J70: 0.0941121 | K70: 0.55069145 | L70: 0.28300058 | M70: 1 | N70: 0.028679774 | Q70: 1 | R70: 1 | S70: 1 | T70: 0.57542728 | U70: 1 | X70: 0.34709983 | Y70: 1 | Z70: 1 | AA70: 1 | AB70: 0.18417476 | AE70: 0.26958536 | AF70: 1 | AG70: 0.48748669 | AH70: 1 | AI70: 0.51874224 | AL70: 0.51874224 | AM70: 1 | AN70: 0.48748669 | AO70: 1 | AP70: 0.26958536 | AS70: 0.19639197 | AT70: 1 | AU70: 1 | AV70: 1 | AW70: 0.53012317 | AZ70: 0 | BA70: 0.21732436 | BB70: 0.57542728 | BC70: 0.42233687 | BD70: 1 | BG70: 0.57542728 | BH70: 0.42233687 | BI70: 1 | BJ70: 0.22639111 | BK70: 0 | BN70: 1 | BO70: 1 | BP70: 1 | BQ70: 1 | BR70: 1 | BU70: 0.22639111 | BV70: 1 | BW70: 0.42233687 | BX70: 0.57542728 | BY70: 0.21732436
C71: 0.19639197 | D71: 1 | E71: 1 | F71: 1 | G71: 0.53012317 | J71: 0.17018161 | K71: 1 | L71: 1 | M71: 1 | N71: 0.54095416 | Q71: 0.18342546 | R71: 0.26958536 | S71: 0.34709983 | T71: 0.21732436 | U71: 0.19639197 | X71: 0.21732436 | Y71: 0.57542728 | Z71: 0.42233687 | AA71: 1 | AB71: 0.22639111 | AE71: 0.18342546 | AF71: 1 | AG71: 1 | AH71: 1 | AI71: 0.19947368 | AL71: 0.19947368 | AM71: 1 | AN71: 1 | AO71: 1 | AP71: 0.18342546 | AS71: 0 | AT71: 0 | AU71: 0 | AV71: 0 | AW71: 0 | AZ71: 0 | BA71: 0.19639197 | BB71: 1 | BC71: 1 | BD71: 1 | BG71: 1 | BH71: 1 | BI71: 1 | BJ71: 0.53012317 | BK71: 0 | BN71: 0.53012317 | BO71: 0.22639111 | BP71: 0.18417476 | BQ71: 0.51874224 | BR71: 0.19947368 | BU71: 0.53012317 | BV71: 1 | BW71: 1 | BX71: 1 | BY71: 0.19639197

Sheet Architect
A1: Input | B1: Ops | C1: Output | E1: 👇 Check ABH sheet.
A2: X=tinyDigits, batch=4 | B2: Flatten | C2: X | D2: ✓
A3: X | B3: Linear | C3: X, dim=3 | D3: ✓
A4: X | B4: ReLU | C4: X | D4: ✓
A5: X | B5: LayerNorm | C5: X | D5: ✓
A6: X | B6: Linear | C6: X, dim=10 | D6: ✓
A7: X | B7: Softmax | C7: Y | D7: ✓

Sheet Blueprint
AC2: X = tinyDigits
AD3: [1] | AI3: [2] | AN3: [3] | AS3: [4]
AC4: class: | AD4: 8 | AH4: class: | AI4: 7 | AM4: class: | AN4: 9 | AR4: class: | AS4: 9
AC5: sample: | AD5: 7 | AH5: sample: | AI5: 2 | AM5: sample: | AN5: 0 | AR5: sample: | AS5: 3
AC6: {=OFFSET(tinyDigits!C4,7*AD4,7*AD5, 5, 5)} -> 0.39234062 | AD6: 0.37057343 | AE6: 0.16479801 | AF6: 0.35891604 | AG6: 0.58566748 | AH6: {=OFFSET(tinyDigits!C4,7*AI4,7*AI5, 5, 5)} -> 0.48322132 | AI6: 1 | AJ6: 1 | AK6: 1 | AL6: 0.47051118 | AM6: {=OFFSET(tinyDigits!C4,7*AN4,7*AN5, 5, 5)} -> 0.18342546 | AN6: 1 | AO6: 1 | AP6: 1 | AQ6: 0.19947368 | AR6: {=OFFSET(tinyDigits!C4,7*AS4,7*AS5, 5, 5)} -> 0 | AS6: 0 | AT6: 0 | AU6: 0 | AV6: 0
AC7: 1 | AD7: 1 | AE7: 1 | AF7: 1 | AG7: 1 | AH7: 0.24257675 | AI7: 1 | AJ7: 0.63927825 | AK7: 0.35439588 | AL7: 0.57333694 | AM7: 0.26958536 | AN7: 1 | AO7: 0.48748669 | AP7: 1 | AQ7: 0.51874224 | AR7: 0.18342546 | AS7: 1 | AT7: 1 | AU7: 1 | AV7: 0.19947368
AC8: 1 | AD8: 0.34139236 | AE8: 1 | AF8: 0.64616898 | AG8: 1 | AH8: 0.62005284 | AI8: 1 | AJ8: 0.61091978 | AK8: 0.6246727 | AL8: 0.75499936 | AM8: 0.34709983 | AN8: 1 | AO8: 1 | AP8: 1 | AQ8: 0.18417476 | AR8: 0.26958536 | AS8: 1 | AT8: 0.48748669 | AU8: 1 | AV8: 0.51874224
AC9: 1 | AD9: 1 | AE9: 1 | AF9: 1 | AG9: 1 | AH9: 0.22350221 | AI9: 1 | AJ9: 0.22312416 | AK9: 0.325992 | AL9: 0.65436953 | AM9: 0.21732436 | AN9: 0.57542728 | AO9: 0.42233687 | AP9: 1 | AQ9: 0.22639111 | AR9: 0.34709983 | AS9: 1 | AT9: 1 | AU9: 1 | AV9: 0.18417476
AC10: 0.51859301 | AD10: 0.62948158 | AE10: 0.15381588 | AF10: 0.48459652 | AG10: 0.47057062 | AH10: 0.24099404 | AI10: 1 | AJ10: 0.51041624 | AK10: 0.57746286 | AL10: 0.32833756 | AM10: 0.19639197 | AN10: 1 | AO10: 1 | AP10: 1 | AQ10: 0.53012317 | AR10: 0.21732436 | AS10: 0.57542728 | AT10: 0.42233687 | AU10: 1 | AV10: 0.22639111
AC12: X = Flatten (X)
AC13: {=_xlfn.VSTACK(_xlfn.WRAPCOLS(_xlfn.TOCOL(Blueprint!AC6:AV10,1,TRUE),5*5), _xlfn.SEQUENCE(1,4)*0+1)} -> 0.39234062 | AD13: 0.48322132 | AE13: 0.18342546 | AF13: 0
AC14: 1 | AD14: 0.24257675 | AE14: 0.26958536 | AF14: 0.18342546
AC15: 1 | AD15: 0.62005284 | AE15: 0.34709983 | AF15: 0.26958536
AC16: 1 | AD16: 0.22350221 | AE16: 0.21732436 | AF16: 0.34709983
AC17: 0.51859301 | AD17: 0.24099404 | AE17: 0.19639197 | AF17: 0.21732436
AC18: 0.37057343 | AD18: 1 | AE18: 1 | AF18: 0
AC19: 1 | AD19: 1 | AE19: 1 | AF19: 1
AC20: 0.34139236 | AD20: 1 | AE20: 1 | AF20: 1
AC21: 1 | AD21: 1 | AE21: 0.57542728 | AF21: 1
AC22: 0.62948158 | AD22: 1 | AE22: 1 | AF22: 0.57542728
AC23: 0.16479801 | AD23: 1 | AE23: 1 | AF23: 0
AC24: 1 | AD24: 0.63927825 | AE24: 0.48748669 | AF24: 1
AC25: 1 | AD25: 0.61091978 | AE25: 1 | AF25: 0.48748669
... AC38: 1 | AD38: 1 | AE38: 1 | AF38: 1
B40: Weights | AC40: X = Linear (X)
B41: {=_xlfn.RANDARRAY(3, 26, -1, 1)} -> -0.99139639 | C41: 0.44636698 | D41: -0.74534467 | E41: -0.16402055 | F41: 0.23467102 | G41: -0.62429675 | H41: -0.53374451 | I41: -0.97048424 | J41: -0.79768562 | K41: -0.52197675 | L41: 0.50535142 | M41: -0.56110512 | N41: 0.38966421 | O41: -0.83185771 | P41: 0.17690565 | Q41: -0.50898733 | R41: 0.93081095 | S41: 0.040164816 | T41: -0.044268577 | U41: -0.65644602 | V41: 0.76003532 | W41: 0.86233039 | X41: -0.74066546 | Y41: 0.61788492 | Z41: -0.30216947 | AA41: -0.43965694 | AC41: {=MMULT(Blueprint!B41:AA43,Blueprint!AC13:AF38)} -> -2.8312107 | AD41: -4.3611033 | AE41: -3.2083911 | AF41: -4.1917654
B42: 0.21271461 | C42: 0.8560684 | D42: -0.045744348 | E42: -0.064105615 | F42: -0.49130126 | G42: -0.32671523 | H42: 0.92608066 | I42: 0.05285539 | J42: -0.55140374 | K42: -0.011834741 | L42: -0.55597686 | M42: -0.51476327 | N42: -0.048396007 | O42: 0.72276509 | P42: 0.69636541 | Q42: -0.76349775 | R42: -0.4443073 | S42: 0.87161673 | T42: -0.82627288 | U42: 0.057793172 | V42: -0.15957621 | W42: -0.94195543 | X42: -0.067053685 | Y42: 0.59418078 | Z42: 0.17745389 | AA42: -0.36082128 | AC42: -0.72481411 | AD42: -1.3515534 | AE42: -1.156813 | AF42: 0.13983906
B43: -0.25394831 | C43: -0.038081613 | D43: 0.65027832 | E43: 0.92092241 | F43: 0.00089989094 | G43: -0.89124 | H43: -0.25467868 | I43: -0.39729852 | J43: -0.078828382 | K43: 0.79950954 | L43: -0.35074335 | M43: -0.84807634 | N43: -0.097641417 | O43: -0.55352912 | P43: 0.77130888 | Q43: -0.82793986 | R43: -0.61018245 | S43: 0.72843181 | T43: 0.48515831 | U43: 0.36007056 | V43: 0.9357589 | W43: 0.71815519 | X43: -0.20202437 | Y43: -0.99057585 | Z43: -0.25003749 | AA43: -0.1741147 | AC43: -0.29577516 | AD43: -1.4555852 | AE43: -0.6175606 | AF43: -0.31725751
AC45: X = ReLU (X)
AC46: {=IF(Blueprint!AC41:AF43>0, Blueprint!AC41:AF43, 0)} -> 0 | AD46: 0 | AE46: 0 | AF46: 0
AC47: 0 | AD47: 0 | AE47: 0 | AF47: 0.13983906
AC48: 0 | AD48: 0 | AE48: 0 | AF48: 0
AC50: Mean
AC51: {=_xlfn.BYCOL(Blueprint!AC46:AF48, _xlfn.LAMBDA(_xlpm.col, AVERAGE(_xlpm.col)))} -> 0 | AD51: 0 | AE51: 0 | AF51: 0.046613019
AC52: Std
AC53: {=_xlfn.BYCOL(Blueprint!AC46:AF48, _xlfn.LAMBDA(_xlpm.col, _xlfn.STDEV.S(_xlpm.col)))} -> 0 | AD53: 0 | AE53: 0 | AF53: 0.080736117
AC54: X = LayerNorm (X)
AC55: {=_xlfn.VSTACK((Blueprint!AC46:AF48 - Blueprint!AC51:AF51)/(Blueprint!AC53:AF53 - 0.00000001), _xlfn.SEQUENCE(1,4)*0+1)} -> 0 | AD55: 0 | AE55: 0 | AF55: -0.57735034
AC56: 0 | AD56: 0 | AE56: 0 | AF56: 1.1547007
AC57: 0 | AD57: 0 | AE57: 0 | AF57: -0.57735034
AC58: 1 | AD58: 1 | AE58: 1 | AF58: 1
X60: Weights | AC60: X = Linear (X)
X61: {=_xlfn.RANDARRAY(10, 4, -1, 1)} -> -0.84414782 | Y61: 0.052653432 | Z61: 0.47072808 | AA61: -0.52932758 | AC61: {=MMULT(Blueprint!X61:AA70,Blueprint!AC55:AF58)} -> -0.52932758 | AD61: -0.52932758 | AE61: -0.52932758 | AF61: -0.25293461
X62: 0.21721745 | Y62: -0.62329123 | Z62: 0.88380279 | AA62: 0.35166068 | AC62: 0.35166068 | AD62: 0.35166068 | AE62: 0.35166068 | AF62: -1.0037285
X63: -0.537124 | Y63: -0.59767267 | Z63: -0.27393276 | AA63: 0.72232894 | AC63: 0.72232894 | AD63: 0.72232894 | AE63: 0.72232894 | AF63: 0.50045979
X64: 0.78968665 | Y64: 0.58342766 | Z64: -0.063588464 | AA64: -0.91727301 | AC64: -0.91727301 | AD64: -0.91727301 | AE64: -0.91727301 | AF64: -0.66280173
X65: -0.83850266 | Y65: -0.59468042 | Z65: 0.78463169 | AA65: -0.33147185 | AC65: -0.33147185 | AD65: -0.33147185 | AE65: -0.33147185 | AF65: -0.98704732
X66: 0.59160424 | Y66: -0.86955244 | Z66: -0.27037617 | AA66: -0.47582399 | AC66: -0.47582399 | AD66: -0.47582399 | AE66: -0.47582399 | AF66: -1.6653579
X67: -0.71217409 | Y67: 0.52480166 | Z67: 0.75952337 | AA67: 0.21552679 | AC67: 0.21552679 | AD67: 0.21552679 | AE67: 0.21552679 | AF67: 0.79417851
X68: -0.068614032 | Y68: -0.055361003 | Z68: -0.068870006 | AA68: -0.061678973 | AC68: -0.061678973 | AD68: -0.061678973 | AE68: -0.061678973 | AF68: -0.046227905
X69: 0.20355867 | Y69: -0.78512467 | Z69: 0.17728317 | AA69: 0.3734275 | AC69: 0.3734275 | AD69: 0.3734275 | AE69: 0.3734275 | AF69: -0.75303565
X70: 0.14499748 | Y70: -0.50381993 | Z70: -0.50112042 | AA70: 0.31589104 | AC70: 0.31589104 | AD70: 0.31589104 | AE70: 0.31589104 | AF70: -0.060262478
AC72: Exp
AC73: {=EXP(Blueprint!AC61:AF70)} -> 0.58900089 | AD73: 0.58900089 | AE73: 0.58900089 | AF73: 0.77651865
AC74: 1.4214261 | AD74: 1.4214261 | AE74: 1.4214261 | AF74: 0.36651034
AC75: 2.0592234 | AD75: 2.0592234 | AE75: 2.0592234 | AF75: 1.6494795
AC76: 0.39960728 | AD76: 0.39960728 | AE76: 0.39960728 | AF76: 0.51540528
AC77: 0.71786636 | AD77: 0.71786636 | AE77: 0.71786636 | AF77: 0.37267546
AC78: 0.62137284 | AD78: 0.62137284 | AE78: 0.62137284 | AF78: 0.18912295
AC79: 1.2405152 | AD79: 1.2405152 | AE79: 1.2405152 | AF79: 2.2126226
AC80: 0.94018466 | AD80: 0.94018466 | AE80: 0.94018466 | AF80: 0.95482433
AC81: 1.4527052 | AD81: 1.4527052 | AE81: 1.4527052 | AF81: 0.47093479
AC82: 1.3714808 | AD82: 1.3714808 | AE82: 1.3714808 | AF82: 0.94151737
AC84: Sum (Exp)
AC85: {=_xlfn.BYCOL(Blueprint!AC73:AF82, _xlfn.LAMBDA(_xlpm.col, SUM(_xlpm.col)))} -> 10.813383 | AD85: 10.813383 | AE85: 10.813383 | AF85: 8.4496113
AC87: Y = Softmax (X)
AC88: {=Blueprint!AC73:AF82/Blueprint!AC85:AF85} -> 0.054469623 | AD88: 0.054469623 | AE88: 0.054469623 | AF88: 0.091899926
AC89: 0.13145064 | AD89: 0.13145064 | AE89: 0.13145064 | AF89: 0.043376
AC90: 0.19043286 | AD90: 0.19043286 | AE90: 0.19043286 | AF90: 0.19521366
AC91: 0.036954881 | AD91: 0.036954881 | AE91: 0.036954881 | AF91: 0.060997514
AC92: 0.066386844 | AD92: 0.066386844 | AE92: 0.066386844 | AF92: 0.044105633
AC93: 0.057463316 | AD93: 0.057463316 | AE93: 0.057463316 | AF93: 0.022382444
AC94: 0.11472036 | AD94: 0.11472036 | AE94: 0.11472036 | AF94: 0.26186087
AC95: 0.086946395 | AD95: 0.086946395 | AE95: 0.086946395 | AF95: 0.11300216
AC96: 0.13434327 | AD96: 0.13434327 | AE96: 0.13434327 | AF96: 0.055734491
AC97: 0.1268318 | AD97: 0.1268318 | AE97: 0.1268318 | AF97: 0.1114273

Sheet Helper
A1: 0 | B1: 1 | C1: 2 | D1: 3 | E1: 4 | F1: 5 | G1: 6 | H1: 7 | I1: 8 | J1: 9 | K1: 10 | L1: 11 | M1: 12 | N1: 13 | O1: 14 | P1: 15 | Q1: 16 | R1: 17 | S1: 18 | T1: 19 | U1: 20 | V1: 21 | W1: 22 | X1: 23 | Y1: 24 | Z1: 25 | AA1: 26 | AB1: 27 | AC1: 28 | AD1: 29 | AE1: 30 | AF1: 31 | AG1: 32 | AH1: 33 | AI1: 34 | AJ1: 35 | AK1: 36 | AL1: 37 | AM1: 38 | AN1: 39 | AO1: 40 | AP1: 41 | AQ1: 42 | AR1: 43 | AS1: 44 | AT1: 45 | AU1: 46 | AV1: 47 | AW1: 48 | AX1: 49 | AY1: 50 | AZ1: 51 | BA1: 52 | BB1: 53 | BC1: 54 | BD1: 55
A2: 1 | C2: Datasets
A3: 2 | E3: Name | F3: Cls | G3: Smp | H3: Row | I3: Col | J3: Gaps
A4: 3 | E4: tinyDigits | F4: 10 | G4: 11 | H4: 5 | I4: 5 | J4: 2
A5: 4 | E5: tinyAlphas | F5: 5 | G5: 6 | H5: 7 | I5: 7 | J5: 2
A6: 5
A7: 6
A8: 7
A9: 8 | C9: Augmentation
A10: 9
A11: 10 | D11: List | J11: Per sample Randomization
A12: 11 | D12: 0 | E12: None | J12: 0 | K12: 1 | L12: 2 | M12: 3 | N12: 4 | O12: 5 | P12: 6 | Q12: 7 | R12: 8 | S12: 9 | T12: 10
A13: 12 | D13: 1 | E13: Horizontal Flip | I13: 0 | J13: 0 | K13: 2 | L13: 9 | M13: 5 | N13: 6 | O13: 7 | P13: 8 | Q13: 3 | R13: 10 | S13: 1 | T13: 4 | X13: Class | Y13: {=TRANSPOSE(INDEX(_xlfn.SORTBY(_xlfn.SEQUENCE(F4,1,0,1),_xlfn.RANDARRAY(F4)),_xlfn.SEQUENCE(batch)))} -> 2 | Z13: 8 | AA13: 6 | AB13: 9 | AC13: 7 | AF13: 2 | AG13: 9 | AH13: 5 | AI13: 6 | AJ13: 7 | AK13: 8 | AL13: 3 | AM13: 10 | AN13: 1 | AO13: 4
A14: 13 | D14: 2 | E14: Vertical Flip | I14: 1 | J14: 0 | K14: 2 | L14: 1 | M14: 9 | N14: 4 | O14: 8 | P14: 10 | Q14: 3 | R14: 7 | S14: 5 | T14: 6 | X14: Sample | Y14: {=TRANSPOSE(INDEX(_xlfn.SORTBY(_xlfn.SEQUENCE(G4,1,0,1),_xlfn.RANDARRAY(G4)),_xlfn.SEQUENCE(batch)))} -> 9 | Z14: 6 | AA14: 4 | AB14: 8 | AC14: 1 | AF14: 2 | AG14: 1 | AH14: 9 | AI14: 4 | AJ14: 8 | AK14: 10 | AL14: 3 | AM14: 7 | AN14: 5 | AO14: 6
A15: 14 | D15: 3 | E15: 180 Rotation | I15: 2 | J15: 0 | K15: 8 | L15: 10 | M15: 6 | N15: 9 | O15: 7 | P15: 3 | Q15: 5 | R15: 2 | S15: 1 | T15: 4 | AF15: 8 | AG15: 10 | AH15: 6 | AI15: 9 | AJ15: 7 | AK15: 3 | AL15: 5 | AM15: 2 | AN15: 1 | AO15: 4
A16: 15 | D16: 4 | E16: 90 CW | I16: 3 | J16: 0 | K16: 6 | L16: 2 | M16: 3 | N16: 1 | O16: 5 | P16: 7 | Q16: 9 | R16: 8 | S16: 10 | T16: 4 | AF16: 6 | AG16: 2 | AH16: 3 | AI16: 1 | AJ16: 5 | AK16: 7 | AL16: 9 | AM16: 8 | AN16: 10 | AO16: 4
A17: 16 | D17: 5 | E17: 90 CCW | I17: 4 | J17: 0 | K17: 3 | L17: 9 | M17: 6 | N17: 4 | O17: 8 | P17: 2 | Q17: 5 | R17: 1 | S17: 7 | T17: 10 | AF17: 3 | AG17: 9 | AH17: 6 | AI17: 4 | AJ17: 8 | AK17: 2 | AL17: 5 | AM17: 1 | AN17: 7 | AO17: 10
A18: 17 | D18: 6 | E18: Shift Up | I18: 5 | J18: 0 | K18: 7 | L18: 2 | M18: 5 | N18: 10 | O18: 1 | P18: 3 | Q18: 8 | R18: 6 | S18: 4 | T18: 9 | AF18: 7 | AG18: 2 | AH18: 5 | AI18: 10 | AJ18: 1 | AK18: 3 | AL18: 8 | AM18: 6 | AN18: 4 | AO18: 9
A19: 18 | D19: 7 | E19: Shift Down | I19: 6 | J19: 0 | K19: 7 | L19: 10 | M19: 6 | N19: 5 | O19: 4 | P19: 9 | Q19: 8 | R19: 1 | S19: 2 | T19: 3 | AF19: 7 | AG19: 10 | AH19: 6 | AI19: 5 | AJ19: 4 | AK19: 9 | AL19: 8 | AM19: 1 | AN19: 2 | AO19: 3
A20: 19 | D20: 8 | E20: Shift Left | I20: 7 | J20: 0 | K20: 3 | L20: 1 | M20: 6 | N20: 4 | O20: 2 | P20: 9 | Q20: 8 | R20: 7 | S20: 5 | T20: 10 | AF20: 3 | AG20: 1 | AH20: 6 | AI20: 4 | AJ20: 2 | AK20: 9 | AL20: 8 | AM20: 7 | AN20: 5 | AO20: 10
A21: 20 | D21: 9 | E21: Shift Right | I21: 8 | J21: 0 | K21: 8 | L21: 2 | M21: 7 | N21: 6 | O21: 5 | P21: 9 | Q21: 4 | R21: 3 | S21: 10 | T21: 1 | AF21: 8 | AG21: 2 | AH21: 7 | AI21: 6 | AJ21: 5 | AK21: 9 | AL21: 4 | AM21: 3 | AN21: 10 | AO21: 1
A22: 21 | D22: 10 | E22: Noise | I22: 9 | J22: 0 | K22: 10 | L22: 5 | M22: 7 | N22: 2 | O22: 3 | P22: 6 | Q22: 9 | R22: 8 | S22: 4 | T22: 1 | AF22: 10 | AG22: 5 | AH22: 7 | AI22: 2 | AJ22: 3 | AK22: 6 | AL22: 9 | AM22: 8 | AN22: 4 | AO22: 1
A23: 22
A24: 23
A25: 24 | C25: Input | J25: Operations
A26: 25 | C26: Name | E26: Type | J26: Name | M26: Short Name | P26: Type
A27: 26 | C27: X
A28: 27 | C28: batch | E28: _num | J28: Flatten | M28: Flat
A29: 28 | J29: Linear | M29: WX+b | P29: Linear
A30: 29 | J30: ReLU | M30: ReLU | P30: Activation
A31: 30 | J31: Sigmoid | M31: Sigmoid | P31: Activation
A32: 31 | C32: Output | J32: Tanh | M32: Tanh | P32: Activation
A33: 32 | C33: Name | E33: Type | J33: Softmax | M33: Softmax | P33: Activation
A34: 33 | C34: Y | J34: BatchNorm | M34: BN | P34: Regularization
A35: 34 | C35: Y' | J35: LayerNorm | M35: LN | P35: Regularization
A36: 35 | C36: dim | E36: _num | J36: Dropout | M36: Dropout | P36: Regularization
A37: 36 | C37: loss | E37: CE | J37: L1-Normalize | M37: L1 | P37: Regularization
A38: 37 | E38: MSE | J38: Print | M38: Print | P38: System
A39: 38
A40: 39
A41: 40
A42: 41

Sheet Manual
A1: 0 | B1: 1 | C1: 2 | D1: 3 | E1: 4 | F1: 5 | G1: 6 | H1: 7 | I1: 8 | J1: 9 | K1: 10 | L1: 11 | M1: 12 | N1: 13 | O1: 14 | P1: 15 | Q1: 16 | R1: 17 | S1: 18 | T1: 19 | U1: 20 | V1: 21 | W1: 22 | X1: 23 | Y1: 24 | Z1: 25 | AA1: 26 | AB1: 27 | AC1: 28 | AD1: 29 | AE1: 30 | AF1: 31 | AG1: 32 | AH1: 33 | AI1: 34 | AJ1: 35 | AK1: 36 | AL1: 37 | AM1: 38 | AN1: 39 | AO1: 40 | AP1: 41 | AQ1: 42 | AR1: 43 | AS1: 44 | AT1: 45 | AU1: 46 | AV1: 47 | AW1: 48 | AX1: 49 | AY1: 50 | AZ1: 51 | BA1: 52 | BB1: 53 | BC1: 54 | BD1: 55
A2: 1 | C2: Batch | D2: 5
A3: 2 | C3: Dimension | D3: 25 | E3: 4 | F3: 6 | G3: 9
A4: 3
A5: 4 | C5: Class | D5: 9 | I5: 3 | N5: 6 | S5: 8 | X5: 5
A6: 5 | C6: Sample | D6: 7 | I6: 4 | N6: 7 | S6: 2 | X6: 3
A7: 6 | D7: {=OFFSET(tinyDigits!C4,7*D5,7*D6,Helper!$H$4,Helper!$I$4)} -> 0 | E7: 0.18342546 | F7: 1 | G7: 1 | H7: 1 | I7: {=OFFSET(tinyDigits!C4,7*I5,7*I6,Helper!$H$4,Helper!$I$4)} -> 0.2291328 | J7: 1 | K7: 1 | L7: 1 | M7: 0.45498379 | N7: {=OFFSET(tinyDigits!C4,7*N5,7*N6,Helper!$H$4,Helper!$I$4)} -> 1 | O7: 1 | P7: 1 | Q7: 0.27526417 | R7: 0 | S7: {=OFFSET(tinyDigits!C4,7*S5,7*S6,Helper!$H$4,Helper!$I$4)} -> 0.39234062 | T7: 1 | U7: 1 | V7: 1 | W7: 0.51859301 | X7: {=OFFSET(tinyDigits!C4,7*X5,7*X6,Helper!$H$4,Helper!$I$4)} -> 0.23057421 | Y7: 0.51323825 | Z7: 0.36518621 | AA7: 0.4383347 | AB7: 0.45070921
A8: 7 | D8: 0 | E8: 0.26958536 | F8: 1 | G8: 0.48748669 | H8: 1 | I8: 0.30909224 | J8: 1 | K8: 0.15720976 | L8: 0.38322233 | M8: 0.5769979 | N8: 1 | O8: 0.17677269 | P8: 0.61378201 | Q8: 0.64463313 | R8: 0 | S8: 0.37057343 | T8: 1 | U8: 0.34139236 | V8: 1 | W8: 0.62948158 | X8: 1 | Y8: 0.34958417 | Z8: 1 | AA8: 1 | AB8: 1
A9: 8 | D9: 0 | E9: 0.34709983 | F9: 1 | G9: 1 | H9: 1 | I9: 0.45743299 | J9: 1 | K9: 1 | L9: 1 | M9: 0.41181979 | N9: 1 | O9: 1 | P9: 1 | Q9: 0.39771131 | R9: 0 | S9: 0.16479801 | T9: 1 | U9: 1 | V9: 1 | W9: 0.15381588 | X9: 1 | Y9: 0.19063535 | Z9: 1 | AA9: 0.2939152 | AB9: 1
A10: 9 | D10: 0 | E10: 0.21732436 | F10: 0.57542728 | G10: 0.42233687 | H10: 1 | I10: 0.57160394 | J10: 1 | K10: 0.17145441 | L10: 0.43554736 | M10: 0.24288144 | N10: 1 | O10: 0.45663546 | P10: 1 | Q10: 0.54916534 | R10: 0 | S10: 0.35891604 | T10: 1 | U10: 0.64616898 | V10: 1 | W10: 0.48459652 | X10: 1 | Y10: 1 | Z10: 1 | AA10: 0.51168129 | AB10: 1
A11: 10 | D11: 0 | E11: 0.19639197 | F11: 1 | G11: 1 | H11: 1 | I11: 0.31808908 | J11: 1 | K11: 1 | L11: 1 | M11: 0.47361589 | N11: 1 | O11: 1 | P11: 1 | Q11: 0.39052718 | R11: 0 | S11: 0.58566748 | T11: 1 | U11: 1 | V11: 1 | W11: 0.47057062 | X11: 0.60426403 | Y11: 0.15814065 | Z11: 0.26963243 | AA11: 0.54181176 | AB11: 0.52047149
A12: 11 | C12: Scale
A13: 12 | D13: {=_xlfn.ANCHORARRAY(D7)*2-1} -> -1 | E13: -0.63314907 | F13: 1 | G13: 1 | H13: 1 | I13: {=_xlfn.ANCHORARRAY(I7)*2-1} -> -0.5417344 | J13: 1 | K13: 1 | L13: 1 | M13: -0.090032428 | N13: {=_xlfn.ANCHORARRAY(N7)*2-1} -> 1 | O13: 1 | P13: 1 | Q13: -0.44947167 | R13: -1 | S13: {=_xlfn.ANCHORARRAY(S7)*2-1} -> -0.21531876 | T13: 1 | U13: 1 | V13: 1 | W13: 0.037186019 | X13: {=_xlfn.ANCHORARRAY(X7)*2-1} -> -0.53885157 | Y13: 0.026476503 | Z13: -0.26962757 | AA13: -0.12333061 | AB13: -0.098581583
A14: 13 | D14: -1 | E14: -0.46082928 | F14: 1 | G14: -0.02502662 | H14: 1 | I14: -0.38181551 | J14: 1 | K14: -0.68558049 | L14: -0.23355533 | M14: 0.1539958 | N14: 1 | O14: -0.64645461 | P14: 0.22756402 | Q14: 0.28926626 | R14: -1 | S14: -0.25885314 | T14: 1 | U14: -0.31721528 | V14: 1 | W14: 0.25896315 | X14: 1 | Y14: -0.30083165 | Z14: 1 | AA14: 1 | AB14: 1
A15: 14 | D15: -1 | E15: -0.30580034 | F15: 1 | G15: 1 | H15: 1 | I15: -0.085134029 | J15: 1 | K15: 1 | L15: 1 | M15: -0.17636041 | N15: 1 | O15: 1 | P15: 1 | Q15: -0.20457738 | R15: -1 | S15: -0.67040398 | T15: 1 | U15: 1 | V15: 1 | W15: -0.69236823 | X15: 1 | Y15: -0.6187293 | Z15: 1 | AA15: -0.41216961 | AB15: 1
A16: 15 | D16: -1 | E16: -0.56535128 | F16: 0.15085455 | G16: -0.15532625 | H16: 1 | I16: 0.14320787 | J16: 1 | K16: -0.65709118 | L16: -0.12890528 | M16: -0.51423713 | N16: 1 | O16: -0.086729079 | P16: 1 | Q16: 0.098330685 | R16: -1 | S16: -0.28216793 | T16: 1 | U16: 0.29233797 | V16: 1 | W16: -0.030806959 | X16: 1 | Y16: 1 | Z16: 1 | AA16: 0.023362571 | AB16: 1
A17: 16 | D17: -1 | E17: -0.60721606 | F17: 1 | G17: 1 | H17: 1 | I17: -0.36382184 | J17: 1 | K17: 1 | L17: 1 | M17: -0.05276822 | N17: 1 | O17: 1 | P17: 1 | Q17: -0.21894563 | R17: -1 | S17: 0.17133497 | T17: 1 | U17: 1 | V17: 1 | W17: -0.05885875 | X17: 0.20852805 | Y17: -0.68371869 | Z17: -0.46073514 | AA17: 0.083623526 | AB17: 0.040942981
A18: 17
A19: 18
A20: 19 | D20: =ADDRESS(5,4) -> $D$5
A21: 20 | AE21: X
A22: 21 | AE22: {=_xlfn.SEQUENCE(1,batch)} -> 1 | AF22: 2 | AG22: 3 | AH22: 4 | AI22: 5
A23: 22 | AE23: {=_xlfn.VSTACK(_xlfn.WRAPCOLS(_xlfn.TOCOL(IF(OFFSET(D13,0,0,5, 5*batch)="","", OFFSET(D13,0,0,5, 5*batch)),1, TRUE), dim_0), _xlfn.SEQUENCE(1, batch)*0+1)} -> -1 | AF23: -0.5417344 | AG23: 1 | AH23: -0.21531876 | AI23: -0.53885157
A24: 23 | AE24: -1 | AF24: -0.38181551 | AG24: 1 | AH24: -0.25885314 | AI24: 1
A25: 24 | AE25: -1 | AF25: -0.085134029 | AG25: 1 | AH25: -0.67040398 | AI25: 1
A26: 25 | AE26: -1 | AF26: 0.14320787 | AG26: 1 | AH26: -0.28216793 | AI26: 1
A27: 26 | AE27: -1 | AF27: -0.36382184 | AG27: 1 | AH27: 0.17133497 | AI27: 0.20852805
A28: 27 | AE28: -0.63314907 | AF28: 1 | AG28: 1 | AH28: 1 | AI28: 0.026476503
A29: 28 | AE29: -0.46082928 | AF29: 1 | AG29: -0.64645461 | AH29: 1 | AI29: -0.30083165
A30: 29 | AE30: -0.30580034 | AF30: 1 | AG30: 1 | AH30: 1 | AI30: -0.6187293
A31: 30 | AE31: -0.56535128 | AF31: 1 | AG31: -0.086729079 | AH31: 1 | AI31: 1
A32: 31 | AE32: -0.60721606 | AF32: 1 | AG32: 1 | AH32: 1 | AI32: -0.68371869
A33: 32 | AE33: 1 | AF33: 1 | AG33: 1 | AH33: 1 | AI33: -0.26962757
A34: 33 | AE34: 1 | AF34: -0.68558049 | AG34: 0.22756402 | AH34: -0.31721528 | AI34: 1
A35: 34 | AE35: 1 | AF35: 1 | AG35: 1 | AH35: 1 | AI35: 1
... A42: 41 | AE42: 1 | AF42: 1 | AG42: -0.21894563 | AH42: 1 | AI42: 0.083623526
AE43: 1 | AF43: -0.090032428 | AG43: -1 | AH43: 0.037186019 | AI43: -0.098581583
AE44: 1 | AF44: 0.1539958 | AG44: -1 | AH44: 0.25896315 | AI44: 1
AE45: 1 | AF45: -0.17636041 | AG45: -1 | AH45: -0.69236823 | AI45: 1
AE46: 1 | AF46: -0.51423713 | AG46: -1 | AH46: -0.030806959 | AI46: 1
AE47: 1 | AF47: -0.05276822 | AG47: -1 | AH47: -0.05885875 | AI47: 0.040942981
AE48: 1 | AF48: 1 | AG48: 1 | AH48: 1 | AI48: 1
D50: W | AC50: b | AE50: X=WX+b
D51: {=_xlfn.RANDARRAY(dim_1, dim_0+1, -1, 1)} -> -0.97737539 | E51: 0.11112072 | F51: -0.32202137 | G51: -0.42274543 | H51: 0.34500856 | I51: -0.7158018 | J51: 0.88791711 | K51: 0.62104088 | L51: 0.74252846 | M51: -0.95181837 | N51: 0.38510906 | O51: 0.71036127 | P51: 0.87635648 | Q51: -0.37063226 | R51: 0.0092389992 | S51: 0.17861209 | T51: -0.55369586 | U51: -0.44358263 | V51: -0.59018508 | W51: 0.77811583 | X51: 0.96082983 | Y51: 0.86057918 | Z51: 0.076382914 | AA51: -0.98759113 | AB51: -0.47922852 | AC51: -0.59921363 | AE51: {=MMULT(_xlfn.ANCHORARRAY(D51),_xlfn.ANCHORARRAY(AE23))} -> 3.653886 | AF51: 2.6245244 | AG51: -3.2975481 | AH51: 1.1312333 | AI51: 0.69013747
D52: -0.71583121 | E52: 0.01870067 | F52: 0.053909479 | G52: 0.20787758 | H52: -0.98946334 | I52: -0.015992012 | J52: 0.65074321 | K52: -0.51664522 | L52: -0.079797643 | M52: -0.49543159 | N52: -0.70916905 | O52: -0.61879492 | P52: -0.73751261 | Q52: -0.61609057 | R52: -0.31747423 | S52: 0.98583935 | T52: -0.11465489 | U52: -0.027057679 | V52: 0.67721669 | W52: 0.72387038 | X52: -0.70953923 | Y52: -0.48369205 | Z52: -0.8892598 | AA52: -0.80650265 | AB52: -0.66345227 | AC52: 0.20918461 | AE52: -2.5998317 | AF52: 1.8008871 | AG52: -2.1886965 | AH52: 0.66221559 | AI52: -2.8688359
D53: 0.34330844 | E53: 0.38981507 | F53: 0.080927901 | G53: 0.41365411 | H53: 0.037598856 | I53: -0.24020484 | J53: -0.061359982 | K53: -0.55501637 | L53: -0.30358177 | M53: -0.73815495 | N53: -0.1848468 | O53: 0.93347879 | P53: 0.81923563 | Q53: 0.91660199 | R53: -0.10666195 | S53: 0.294298 | T53: 0.17339728 | U53: -0.66419355 | V53: 0.72586811 | W53: -0.64612169 | X53: -0.1084966 | Y53: -0.55330646 | Z53: 0.55152435 | AA53: 0.98518017 | AB53: -0.53998824 | AC53: -0.80620098 | AE53: -0.30028003 | AF53: -5.5161189 | AG53: 0.58016387 | AH53: -3.1888038 | AI53: 4.57173
D54: 0.37394068 | E54: 0.35137369 | F54: -0.77160345 | G54: -0.29745163 | H54: -0.84253242 | I54: -0.97387119 | J54: 0.45760372 | K54: -0.99169699 | L54: -0.76326896 | M54: 0.90497219 | N54: -0.23749234 | O54: 0.60988896 | P54: 0.40022719 | Q54: -0.53585835 | R54: -0.88726769 | S54: -0.27892008 | T54: 0.94129425 | U54: 0.92756246 | V54: 0.30715246 | W54: -0.012222881 | X54: -0.61438696 | Y54: 0.97147887 | Z54: -0.89482716 | AA54: -0.0044245147 | AB54: -0.15725916 | AC54: 0.21915295 | AE54: 1.666671 | AF54: -1.1944881 | AG54: -2.4387504 | AH54: 0.80617162 | AI54: -0.13461058
AE56: X=ReLU(X)
AE57: {=IF(_xlfn.ANCHORARRAY(AE51)>0,_xlfn.ANCHORARRAY(AE51),0)} -> 3.653886 | AF57: 2.6245244 | AG57: 0 | AH57: 1.1312333 | AI57: 0.69013747
AE58: 0 | AF58: 1.8008871 | AG58: 0 | AH58: 0.66221559 | AI58: 0
AE59: 0 | AF59: 0 | AG59: 0.58016387 | AH59: 0 | AI59: 4.57173
AE60: 1.666671 | AF60: 0 | AG60: 0 | AH60: 0.80617162 | AI60: 0
AE62: Mean(X)
AE63: {=_xlfn.BYCOL(_xlfn.ANCHORARRAY(AE57), _xlfn.LAMBDA(_xlpm.col, AVERAGE(_xlpm.col)))} -> 1.3301392 | AF63: 1.1063529 | AG63: 0.14504097 | AH63: 0.64990512 | AI63: 1.3154669
AE64: Std(X)
AE65: {=_xlfn.BYCOL(_xlfn.ANCHORARRAY(AE57), _xlfn.LAMBDA(_xlpm.col, _xlfn.STDEV.S(_xlpm.col)))} -> 1.7370083 | AF65: 1.3210168 | AG65: 0.29008194 | AH65: 0.47561337 | AI65: 2.1950849
AE66: X=LN(X)
AE67: {=_xlfn.VSTACK((_xlfn.ANCHORARRAY(AE57)-_xlfn.ANCHORARRAY(AE63))/(_xlfn.ANCHORARRAY(AE65)-0.00000001), _xlfn.SEQUENCE(1, batch)*0+1)} -> 1.3377868 | AF67: 1.1492447 | AG67: -0.50000002 | AH67: 1.0120156 | AI67: -0.2848771
AE68: -0.76576449 | AF68: 0.52575731 | AG68: -0.50000002 | AH68: 0.025883348 | AI68: -0.59927837
AE69: -0.76576449 | AF69: -0.83750101 | AG69: 1.5000001 | AH69: -1.3664568 | AI69: 1.4834338
AE70: 0.19374218 | AF70: -0.83750101 | AG70: -0.50000002 | AH70: 0.32855784 | AI70: -0.59927837
AE71: 1 | AF71: 1 | AG71: 1 | AH71: 1 | AI71: 1
Y73: W | AC73: b | AE73: X=WX+b
Y74: {=_xlfn.RANDARRAY(dim_2, dim_1+1, -1, 1)} -> -0.20962744 | Z74: -0.19713465 | AA74: -0.7363437 | AB74: -0.96601817 | AC74: -0.55577136 | AE74: {=MMULT(_xlfn.ANCHORARRAY(Y74),_xlfn.ANCHORARRAY(AE67))} -> -0.30854208 | AF74: 0.52540022 | AG74: -0.97389679 | AH74: -0.084231081 | AI74: -0.89131814
Y75: 0.32842292 | Z75: -0.16864948 | AA75: 0.50110809 | AB75: -0.91333837 | AC75: -0.1677699 | AE75: -0.15994721 | AF75: 0.46624299 | AG75: 0.96067473 | AH75: -0.82459303 | AI75: 1.1304425 | AN75: =ROWS(tinyDigits!tinyDigitsSample1) -> 5
Y76: -0.57682845 | Z76: -0.87484378 | AA76: 0.090084299 | AB76: -0.46057211 | AC76: -0.64959626 | AE76: -0.90956105 | AF76: -1.4621849 | AG76: 0.4416524 | AH76: -1.5304204 | AI76: 0.44864891
Y77: -0.73618977 | Z77: 0.37849907 | AA77: 0.49367632 | AB77: 0.98857364 | AC77: -0.68181445 | AE77: -2.1430319 | AF77: -2.5702638 | AG77: -0.25674143 | AH77: -1.766837 | AI77: -0.5590118
Y78: 0.26571736 | Z78: -0.21707597 | AA78: -0.67892347 | AB78: -0.72377343 | AC78: -0.49029157 | AE78: 0.41108072 | AF78: 0.87571351 | AG78: -1.1711108 | AH78: 0.46291809 | AI78: -1.0092957
Y79: -0.042151577 | Z79: -0.18684405 | AA79: 0.18251509 | AB79: 0.73147508 | AC79: 0.84393922 | AE79: 0.93258193 | AF79: -0.068205579 | AG79: 0.86647212 | AH79: 0.78737789 | AI79: 0.8003107
AE81: X=tanh(X)
AE82: {=_xlfn.VSTACK(TANH(_xlfn.ANCHORARRAY(AE74)),_xlfn.SEQUENCE(1,batch)*0+1)} -> -0.29911019 | AF82: 0.48185715 | AG82: -0.75041171 | AH82: -0.084032442 | AI82: -0.71204417
AE83: -0.15859704 | AF83: 0.43515873 | AG83: 0.74457768 | AH83: -0.67756203 | AI83: 0.81117066
AE84: -0.7209215 | AF84: -0.89807612 | AG84: 0.41501317 | AH84: -0.91049652 | AI84: 0.42078777
AE85: -0.97285553 | AF85: -0.98835895 | AG85: -0.25124516 | AH85: -0.94326171 | AI85: -0.50724386
AE86: 0.38938993 | AF86: 0.7042654 | AG86: -0.82462793 | AH86: 0.43245955 | AI86: -0.76547056
AE87: 0.73179541 | AF87: -0.068100011 | AG87: 0.69957727 | AH87: 0.65692105 | AI87: 0.66421043
AE88: 1 | AF88: 1 | AG88: 1 | AH88: 1 | AI88: 1
W90: W | AC90: b | AE90: X=WX+b
W91: {=_xlfn.RANDARRAY(dim_3, dim_2+1, -1, 1)} -> -0.41872398 | X91: 0.93925974 | Y91: 0.51568519 | Z91: -0.39363916 | AA91: -0.28704142 | AB91: 0.46801913 | AC91: 0.74811555 | AE91: {=MMULT(_xlfn.ANCHORARRAY(W91),_xlfn.ANCHORARRAY(AE82))} -> 0.96630504 | AF91: 0.64698426 | AG91: 2.6387168 | AH91: 0.2319882 | AI91: 2.7554155 | AW91: {=_xlfn.ANCHORARRAY(W91)+_xlfn.ANCHORARRAY(AW114)} -> 0.23830075 | AX91: -0.20083162 | AY91: -0.52842296 | AZ91: -0.61569403 | BA91: 1.0022188 | BB91: 0.18460624 | BC91: 0.1822023
W92: 0.38969888 | X92: -0.99539544 | Y92: -0.058779192 | Z92: -0.36000014 | AA92: 0.96183527 | AB92: -0.62514554 | AC92: -0.15555617 | AE92: 0.19540133 | AF92: 0.72762528 | AG92: -2.3535797 | AH92: 0.8845148 | AI92: -2.234085 | AW92: 0.38350623 | AX92: -0.95378567 | AY92: 0.15867619 | AZ92: -0.10871431 | BA92: 0.83757459 | BB92: -0.74365193 | BC92: -0.42128568
W93: -0.4024709 | X93: -0.19539451 | Y93: -0.95802258 | Z93: -0.56284099 | AA93: 0.96564598 | AB93: -0.3628855 | AC93: 0.61169516 | AE93: 2.1117442 | AF93: 2.4541838 | AG93: -0.53811837 | AH93: 2.360306 | AI93: -0.35805854 | AW93: 0.059256218 | AX93: 0.3864902 | AY93: -0.70993365 | AZ93: -0.19586367 | BA93: 1.0078861 | BB93: -1.0636957 | BC93: 0.17735428
W94: -0.50623888 | X94: 0.43453616 | Y94: 0.040928039 | Z94: -0.92025488 | AA94: -0.87233768 | AB94: -0.77146373 | AC94: -0.41850774 | AE94: -0.37446666 | AF94: -0.16238526 | AG94: 0.71277656 | AH94: -0.72365762 | AI94: 0.9337899 | AW94: -0.36498059 | AX94: 0.284898 | AY94: 0.034105354 | AZ94: -0.75459312 | BA94: -0.76170036 | BB94: -0.94506123 | BC94: -0.70948597
W95: -0.45226004 | X95: -0.33753728 | Y95: 0.51388877 | Z95: -0.74037888 | AA95: -0.13057681 | AB95: -0.88733773 | AC95: -0.76208454 | AE95: -0.92366329 | AF95: -0.88817573 | AG95: -0.78782284 | AH95: -0.90428049 | AI95: -0.61149128 | AW95: -1.133006 | AX95: 0.44834579 | AY95: 0.96299051 | AZ95: -1.1773964 | BA95: -0.88919967 | BB95: -0.27856908 | BC95: 0.13902755
W96: 0.097942693 | X96: 0.14005641 | Y96: -0.87873871 | Z96: -0.19816895 | AA96: -0.83059448 | AB96: -0.51875395 | AC96: -0.0097344821 | AE96: 0.062001834 | AF96: 0.53381118 | AG96: 0.028174835 | AH96: 0.17417306 | AI96: 0.05612696 | AW96: -0.59815827 | AX96: 0.82921273 | AY96: -0.35099211 | AZ96: -0.24290016 | BA96: -1.6758923 | BB96: 0.047697842 | BC96: 0.72101455
W97: 0.31768308 | X97: -0.83631078 | Y97: 0.84607236 | Z97: -0.60024026 | AA97: 0.24753139 | AB97: -0.59293417 | AC97: 0.51830008 | AE97: 0.19238928 | AF97: 0.35557209 | AG97: -0.4597773 | AH97: 0.57163092 | AI97: -0.30912105 | AW97: 0.27453195 | AX97: -1.5205777 | AY97: 0.081119715 | AZ97: -1.3270648 | BA97: 0.62737223 | BB97: -0.071128278 | BC97: 1.2579938
W98: 0.90714505 | X98: -0.70626282 | Y98: 0.52117176 | Z98: 0.38907337 | AA98: 0.88009081 | AB98: -0.74077191 | AC98: -0.77610483 | AE98: -1.8890611 | AF98: -0.82865891 | AG98: -3.1081389 | AH98: -1.3213457 | AI98: -3.1386963 | AW98: 0.90476606 | AX98: -0.70746054 | AY98: 0.55215638 | AZ98: 0.42703154 | BA98: 0.86240499 | BB98: -0.75586972 | BC98: -0.81761181
W99: 0.35076111 | X99: 0.25181453 | Y99: 0.25085863 | Z99: -0.93823831 | AA99: 0.14106183 | AB99: 0.49614622 | AC99: 0.38713063 | AE99: 1.3922039 | AF99: 1.4333102 | AG99: 0.88201743 | AH99: 1.2305662 | AI99: 1.1446785 | AW99: 0.51932067 | AX99: 0.12847486 | AY99: 0.59336484 | AZ99: -0.3294932 | BA99: 0.064950489 | BB99: 0.090544622 | BC99: -0.38595537
AE101: exp(X)
AE102: {=EXP(_xlfn.ANCHORARRAY(AE91))} -> 2.6282153 | AF102: 1.9097728 | AG102: 13.995233 | AH102: 1.2611049 | AI102: 15.727574
AE103: 1.2157988 | AF103: 2.0701587 | AG103: 0.095028381 | AH103: 2.4218091 | AI103: 0.10709007
AE104: 8.2626406 | AF104: 11.636931 | AG104: 0.5838458 | AH104: 10.594192 | AI104: 0.69903216
AE105: 0.68765594 | AF105: 0.85011362 | AG105: 2.0396466 | AH105: 0.48497515 | AI105: 2.5441329
AE106: 0.39706182 | AF106: 0.41140558 | AG106: 0.45483397 | AH106: 0.40483306 | AI106: 0.54254118
AE107: 1.0639643 | AF107: 1.7054196 | AG107: 1.0285755 | AH107: 1.1902615 | AI107: 1.057732
AE108: 1.2121423 | AF108: 1.4269968 | AG108: 0.63142425 | AH108: 1.7711533 | AI108: 0.73409191 | AW108: {=TRANSPOSE(_xlfn.ANCHORARRAY(AE82))} -> -0.29911019 | AX108: -0.15859704 | AY108: -0.7209215 | AZ108: -0.97285553 | BA108: 0.38938993 | BB108: 0.73179541 | BC108: 1
AE109: 0.15121372 | AF109: 0.43663446 | AG109: 0.044684038 | AH109: 0.26677607 | AI109: 0.043339264 | AW109: 0.48185715 | AX109: 0.43515873 | AY109: -0.89807612 | AZ109: -0.98835895 | BA109: 0.7042654 | BB109: -0.068100011 | BC109: 1
AE110: 4.0237081 | AF110: 4.1925543 | AG110: 2.4157684 | AH110: 3.423167 | AI110: 3.1414311 | AW110: -0.75041171 | AX110: 0.74457768 | AY110: 0.41501317 | AZ110: -0.25124516 | BA110: -0.82462793 | BB110: 0.69957727 | BC110: 1
AE111: ∑ exp(X) | AW111: -0.084032442 | AX111: -0.67756203 | AY111: -0.91049652 | AZ111: -0.94326171 | BA111: 0.43245955 | BB111: 0.65692105 | BC111: 1
AE112: {=_xlfn.BYCOL(_xlfn.ANCHORARRAY(AE102), _xlfn.LAMBDA(_xlpm.col, SUM(_xlpm.col)))} -> 19.642401 | AF112: 24.639987 | AG112: 21.28904 | AH112: 21.818272 | AI112: 24.596965 | AW112: -0.71204417 | AX112: 0.81117066 | AY112: 0.42078777 | AZ112: -0.50724386 | BA112: -0.76547056 | BB112: 0.66421043 | BC112: 1
AE113: X=Softmax(X)
...
